vendor_id,b_entity_id
144203445,06J95N-E
314568305,072DY7-E
314568305,0BB88Z-E
197249066,080MZH-E
47164352,0022MF-E
299508848,08B3QQ-E
143319965,06J95N-E
315034581,07XGHP-E
153037205,083JKH-E
316786480,072DY7-E
316786480,0BB88Z-E
314927762,0025HQ-E
52024690,083RM9-E
21629303,00834D-E
142818965,0D2238-E
54643792,06JQTB-E
152260085,088BVK-E
139919249,06J9JR-E
62021577,06JQTB-E
55138139,07XMZ0-E
50682719,06NLTH-E
142656436,085BSR-E
55242033,06JQTB-E
156302458,061QV3-E
39122641,07TKLM-E
156201233,000NY8-E
156201233,000NY9-E
142828826,0DW32M-E
19023602,07V28V-E
19537661,06ZR85-E
305478817,0H2PJW-E
276134759,0C6P8N-E
46774947,07XGB6-E
137913381,0GHYLZ-E
142815320,0GV8H2-E
195589341,0BG7CL-E
21949174,074LT3-E
24399865,07CTHB-E
295576165,0C69TX-E
22971885,07XD16-E
19227711,083KQR-E
21623562,07VG9R-E
21623562,07VG9R-E
27628036,07969X-E
319397943,0G087W-E
272221165,0HB12Y-E
138803719,07VMC0-E
134788942,07P7YD-E
30919401,0B7BNY-E
21892989,07MWB9-E
23608627,0B5DVW-E
174852516,0DW5QH-E
23183010,064W53-E
136572310,07V3QW-E
309011857,0H9PWH-E
57268208,073XFR-E
57556809,07XN06-E
21935723,0C675H-E
197332067,07VPQP-E
178868842,064QTQ-E
19416001,06B8ZR-E
314925664,07WQT8-E
314925664,07WQT8-E
312242722,0699H8-E
27002949,07PB5X-E
278153685,0BRLPN-E
315660737,0DSBMM-E
143301359,080C95-E
22747031,062QYV-E
21801954,07QSM8-E
27573851,0738GT-E
27573851,07D2W5-E
278767876,07TK97-E
283778438,000VSV-E
23014566,065B70-E
60935955,00D4T7-E
60935955,00D4T7-E
21723576,064QR3-E
22011566,087YPX-E
313707546,0D5LC4-E
138507956,06186S-E
138507956,06186S-E
26325191,07XQW7-E
303593027,07XMHH-E
152191745,07XKN8-E
328202220,001172-E
328202220,001172-E
328202220,001172-E
21907019,072FZ5-E
21700587,0016K7-E
172887168,0FPN1J-E
141366117,07RCF7-E
58631560,080894-E
24023493,064XHN-E
23723851,064PFQ-E
58986532,07VBRD-E
178703997,07MFV5-E
21619026,0C712R-E
195184836,06Q1Q9-E
316749930,071MF8-E
307815339,0GR98M-E
61412391,0C6K0N-E
21692584,08765Q-E
20392615,089LS2-E
318647261,0DJ9NP-E
197413906,072Q6K-E
28347921,07TZ20-E
151770707,071D9Q-E
21921417,07TK4D-E
143122226,07R88C-E
313720884,07XQZR-E
139388901,0FP8R6-E
61282959,07PD7H-E
22989982,0C67NY-E
316143797,07N1TW-E
20398353,05RQCL-E
137286457,061874-E
305160748,07ZK54-E
317720534,0B5590-E
61844911,08D9LM-E
21826892,05LJ30-E
24152198,07G6Z4-E
140337847,061830-E
52239855,09HS3Z-E
31381313,07XH03-E
154959134,0BFMNZ-E
314585003,00D58K-E
53776807,0CK0B1-E
135420768,09RVQ7-E
281625630,000P2H-E
295829089,008XX4-E
315222373,07XMZH-E
53279621,0FT3BX-E
24696657,0CPV34-E
193769092,07XFBF-E
23929280,0C518W-E
22011695,07N2YS-E
139956346,07RMGS-E
313966173,064QTQ-E
294559982,061R6Z-E
21621756,089T56-E
23339537,06D5JD-E
175353629,085K1S-E
142896524,0CPXB5-E
47837509,080PY4-E
23049975,077BCQ-E
21866206,05X1PX-E
314547916,09RVQ7-E
23130743,064W53-E
24376778,00B0S0-E
21831880,06T8WP-E
145970256,07W946-E
52154664,07QRG4-E
144837693,0CSDRY-E
21042208,064S6F-E
19220885,05L320-E
21888824,083B8X-E
30722641,005TVT-E
30722641,005TVT-E
23399061,0BVMPT-E
27549164,06QGQH-E
31026624,0BJ6FH-E
19889653,072L5F-E
283778449,000VSV-E
49540124,089TC5-E
22005919,007QZ8-E
141372353,07VSNT-E
50732438,0FBZDQ-E
57218878,06ZWMD-E
142445464,084P07-E
52156632,07VK0T-E
274359440,07GGDJ-E
23075519,0FW4VX-E
19889527,0DWBFV-E
21791168,088PGF-E
49944129,07G6Z4-E
90152792,07D1R3-E
49936376,064TTG-E
22027896,07XQ24-E
21824748,064RDJ-E
21917997,0D5TS9-E
52142163,06HJZZ-E
175021435,05PJZN-E
24114085,07RBT6-E
24285168,064QK2-E
26923984,0B2GN7-E
35514473,0G0NJ7-E
52180261,07P9LL-E
31614623,0FY4H2-E
327725763,080YLB-E
313580342,0GQCLY-E
21618790,0CDPZB-E
57294703,0FPW9Y-E
19885768,089LV7-E
149561452,006KW7-E
144024495,0D91YS-E
21869277,06VG4W-E
156255877,00160R-E
139699304,0B0TD8-E
57553581,06V8X9-E
314887663,083B8C-E
25853078,07VK0T-E
51545253,00848C-E
21727514,0DZFP8-E
22386083,0D2LCV-E
41230143,000P2H-E
19215175,066L0G-E
19215175,066L0G-E
30483304,0B6Z72-E
26594648,06L2D7-E
48047502,07W9WB-E
48047502,07W9WB-E
196544419,0C50PK-E
30442396,07CCTB-E
311378966,0CSWXR-E
151771138,07M7RD-E
27620349,006BVZ-E
23028509,06MJRZ-E
22006210,07112P-E
31430442,0G3J3S-E
139504687,07XKX1-E
143188653,07R872-E
19170889,064XL4-E
197147137,06L4KP-E
21866033,009SG5-E
22000953,0DQ6FD-E
24229180,008P90-E
144771949,09H70G-E
27630905,0CK089-E
300425672,05RQCL-E
282404502,0H4C0L-E
27244763,0688RP-E
90110995,064XZ8-E
31626956,0DMD6H-E
198554605,0042PF-E
27589350,07MJTJ-E
19066670,07WB25-E
56590760,0DJ6D0-E
314547503,07XPP9-E
288468971,000P7N-E
21798723,0C6FTC-E
24134890,061894-E
279903832,0B589F-E
26527828,07TMSY-E
149520791,07XDV2-E
178679664,05NJNX-E
62586870,0FT3WS-E
21626114,0C67PV-E
22952981,07H4J0-E
91054914,06K8N4-E
279247169,07XZCZ-E
276867321,075C1M-E
317232879,0723PQ-E
89836922,0CJSWV-E
142858923,0FBJ24-E
135832473,07P9M5-E
278632114,0FM7DW-E
23629311,0DYHCC-E
19576267,07QTRK-E
151370044,0CJVQW-E
174929511,07PB3N-E
314830730,07XKGB-E
31404779,0BC3C3-E
316086238,0DW59Q-E
28113309,06Q6CP-E
49953814,07QC5C-E
19327655,0C6B4M-E
30918204,06Z588-E
195702568,061HYN-E
22997258,07ZDCW-E
21969239,0B1BPM-E
315111136,061874-E
313660229,07RK7Z-E
27731725,00CMK7-E
21799884,0CC85D-E
20782170,063V6X-E
21743644,0B38XG-E
287718428,0H3ZQW-E
283778440,000VSV-E
22957154,07VTN2-E
21628480,073VLW-E
23021699,065BF7-E
138866124,06J9JR-E
21743310,06MF6Q-E
154434735,0CSHXR-E
149088028,0C6LJ7-E
156304457,007LDH-E
25835941,06J3RX-E
280454730,072L5F-E
57496545,07XBGM-E
282820639,0C6PTK-E
282820639,0DXSKZ-E
275952874,05LHN0-E
33792286,0C6DZZ-E
27332581,064W53-E
23965021,0FF74T-E
19217815,07VSNT-E
33716893,07XDJ6-E
21667549,0G770W-E
195315076,07XL8R-E
195315076,07XL8R-E
19623214,009L0X-E
20665022,071GYW-E
155596385,07Z8WG-E
29772928,05VJ0K-E
149270278,07CXNJ-E
151315520,000NYW-E
315111138,07ZDQV-E
21868940,0H19KJ-E
134687989,064Y4T-E
30409470,07RHML-E
197395250,0FGX4V-E
323248800,05JWRL-E
19223763,05RQCL-E
21997918,07VSLB-E
26173450,0C69KS-E
19340221,067P86-E
26287042,060K0L-E
19457866,07K1VQ-E
277289929,07ZJL3-E
21681174,064QR7-E
23013599,07XJBX-E
23337199,06181X-E
136156015,0G3J3S-E
197390544,05PHHG-E
21666829,07ZW2C-E
21979221,0G8D06-E
26039185,07VQSY-E
26039185,07VQSY-E
24228504,0D5DKD-E
22327971,07V2BQ-E
314806026,075C1N-E
23254972,07R7MK-E
23640719,0GWM5S-E
22030266,06ZSW5-E
49953641,005R5J-E
49953641,0FJ4KP-E
27318609,0C6MJ9-E
22981612,09M8LP-E
137384610,0742CN-E
21982839,07RLNC-E
19893859,07W8SL-E
196228278,06HMV2-E
46033136,0HP8P1-E
149078703,06NZDS-E
151281723,071GYW-E
54073357,0C6JHB-E
151440304,05RQCL-E
25109224,0BRTY5-E
326485380,0D1CM4-E
144375747,0CC6G6-E
62601547,0F9Y1C-E
21663044,07QBG0-E
175347589,064QVQ-E
175347589,064QVQ-E
18946943,07VMJM-E
21629737,081GKW-E
311335551,0CSWXR-E
51100947,072TWY-E
295955905,06N86K-E
283778453,000VSV-E
137212582,07VVKF-E
23941152,061869-E
147244679,0713RG-E
30893209,00B6P0-E
22067769,07W946-E
283778395,000VSV-E
28125945,0GLBB1-E
22010758,07XLCR-E
134812929,0CF2S7-E
197236712,07C3L4-E
195456536,0CM6PV-E
178403450,080QDW-E
315204421,0CDFPD-E
140468473,0D30GB-E
139669770,07ZHPP-E
283778452,000VSV-E
30714653,07QSXN-E
30526362,07XGHP-E
21786513,0CRRCW-E
56587727,06186S-E
56587727,06186S-E
30832916,064QWF-E
27700393,06M8TC-E
21906842,0FY4FY-E
47653970,07XN03-E
47654545,000NYB-E
47654545,000NYB-E
324821604,0GR98M-E
139412208,064XYJ-E
315217384,07WQT8-E
315217384,07WQT8-E
329244890,0C3DGC-E
25187908,0D6TTY-E
58325915,0G4SKH-E
25858214,07XH6K-E
49978887,000P0S-E
149652427,060Y9P-E
314249948,06186S-E
26742244,0C6DZZ-E
27790018,07Z0BH-E
316564314,0FK4M4-E
197391913,07XMZS-E
22968239,00B374-E
200481543,07VVTW-E
23290435,07VPQP-E
57277868,07XD53-E
22990151,00F3S5-E
27754491,07PC7D-E
24092435,061825-E
63222491,07H2PY-E
313935089,06170S-E
22993690,070MHB-E
30785968,07PCR7-E
58327201,000P2Y-E
315514872,06186S-E
315514872,06186S-E
201532370,07CN3B-E
51178839,06QT0T-E
51178839,06QT0T-E
51178839,06QT0T-E
21934021,009806-E
140938152,0FT0ZM-E
288468944,0FV9ZX-E
23326181,07PCF8-E
141373593,07XH1M-E
174996987,0B1N6S-E
62099832,06403B-E
31549155,07PB6Z-E
26021408,08219W-E
22835855,083YCS-E
35513251,09L9XF-E
144409713,085GS9-E
136364168,06KW4L-E
173170189,0B167D-E
20002448,0C6F8R-E
138508950,0G3J3S-E
21264440,064W3D-E
21264440,083GBV-E
195655741,089M3P-E
305394613,06186S-E
305394613,06186S-E
151648837,0B42DT-E
26962897,05LJ4H-E
19883145,0C55XP-E
21759514,0G4SKH-E
327696482,0HDGPN-E
24277809,05LHCQ-E
19897330,0CJZ2M-E
136572441,06JB8H-E
283778292,000VSV-E
30736609,081GKW-E
51431551,07P9FG-E
23607535,064WTM-E
202401446,07ZDS9-E
21986642,07PDXX-E
316125952,0GMY62-E
316125952,0GMY62-E
330191501,0CVL95-E
315858448,07PC6M-E
23299509,080FV7-E
136044604,089LVS-E
23214463,06170Y-E
328448394,0885G0-E
19477354,079P3S-E
30807039,0DRCV5-E
36963468,0FSQLF-E
153043593,07XMYR-E
174621958,0GQQ2F-E
286543531,0FZXP3-E
19890637,0BPFG0-E
19284905,003J1H-E
24307654,06181V-E
146006854,0616J3-E
24113198,07RCBM-E
21662168,07XM4J-E
140060527,0BSTCN-E
22001274,06GWDX-E
174238304,061893-E
31386213,094P3Q-E
19290282,0731G6-E
140120535,07XHTZ-E
140120535,0B8KTV-E
23317963,07V7XG-E
18949745,083RM9-E
141383418,005M3P-E
141383418,005M3P-E
62601938,06S7RY-E
21969267,00CZ11-E
149748500,07TYS5-E
199646742,08406Y-E
25379617,0BZ5D9-E
21787995,0C6FZ0-E
26373841,07XHS5-E
47837279,06R190-E
20403613,0721CY-E
286996388,001NJR-E
169691962,0GXGV4-E
21080329,083RM9-E
314568576,0GQCL0-E
56589402,064VTG-E
56589402,064VTG-E
56589402,08084T-E
151589726,0GWLSQ-E
27776920,07201Q-E
27776920,07201Q-E
49882027,0D4CHC-E
30713330,0094SY-E
314830655,07V3QW-E
316332473,0HHGF7-E
19572154,07ZJL3-E
53280299,0GV599-E
284946060,0G0M5W-E
27925541,007Y4N-E
137379508,0CDFPD-E
22995862,06VNC0-E
23676683,0B589F-E
24215733,0C5WMR-E
19205877,0642GP-E
19290249,07ZDQ5-E
289332643,082DS8-E
27911073,0883R4-E
21705375,07QCC2-E
56175536,07XFDY-E
283778273,000VSV-E
21784484,07CB5W-E
320860694,0FT6HH-E
19236463,0C69SN-E
63329505,0HHTG0-E
195186608,06PC83-E
275771138,0GW143-E
21784055,064R3G-E
279900130,072FZ5-E
52132689,07PCV5-E
52757724,06ZR85-E
23408689,064T4B-E
144335863,0GGM8F-E
313950166,073XFR-E
49975293,07RJ8C-E
59010663,0DM5LF-E
21770695,0C78QG-E
49685868,072QT0-E
27661083,07QSYJ-E
197335143,07VPQP-E
23294049,061828-E
23317147,061864-E
23589783,06170M-E
22957743,07R81Y-E
142442637,06186S-E
142442637,06186S-E
23050180,07N2YS-E
59608201,06B8ZR-E
155890924,0FB7XZ-E
21620828,07R79V-E
21711016,0C6JXJ-E
59020583,07W460-E
52529857,09HS3Z-E
30493429,0C3DGC-E
135721722,09S4FM-E
52069669,06TJHC-E
276593190,07QC75-E
31667453,0DRTM6-E
133521672,0D2052-E
133521672,0D2052-E
175090257,0617QJ-E
136571919,07XKGB-E
19195754,07RKNY-E
27718007,07V42L-E
315546472,07PC6M-E
30777980,0DNY53-E
313355524,064QV7-E
57339973,0C69TX-E
22796348,0D1CM4-E
288223107,0G1JHN-E
278893834,064R3G-E
21719489,06P9CY-E
21709732,09WXPJ-E
176159493,0D23S6-E
20038464,0DGY8C-E
298498937,003J2Z-E
57549473,07PVFH-E
22993481,0722LB-E
147668536,007SMN-E
284433805,064WYH-E
22766928,09V9ZN-E
24522439,07Y7LD-E
26975481,07V396-E
19316646,06CXD1-E
20469259,065FFL-E
19383392,07VRS6-E
23442407,083B8C-E
301711428,008XX4-E
143100884,07W78M-E
19678484,062SFC-E
62903007,083GC2-E
176151967,064TW6-E
139713697,07Q4FX-E
22960661,07ZB89-E
275335909,085B5N-E
253876171,06ZP7Y-E
308568322,064RMM-E
137377353,07XPP9-E
24107727,07XHNF-E
156280963,002L85-E
313667535,09504Y-E
22957995,07PVKK-E
50220938,00GP99-E
19289610,064W53-E
50053016,07W54D-E
282764060,07XGCF-E
22972206,0C6M6T-E
20403498,06BQN8-E
22399137,0C6FK1-E
21622768,0D2LCV-E
146117934,070JZS-E
25802582,089M3P-E
173242999,089K99-E
21787950,073G5T-E
21787950,073G5T-E
49695345,07NQDX-E
19509424,089S6Y-E
327618240,0G94F8-E
193768679,05TD89-E
271416650,00B9RW-E
139728404,07PCQV-E
144942585,07XDQ9-E
20098477,0GSBDZ-E
47374967,0HHFL6-E
47383911,07VT7L-E
19394595,072RWP-E
23000864,05L2TN-E
315723068,08BM6C-E
22003630,0C6LJ7-E
175055965,061821-E
23470280,0740BJ-E
304155586,0695DR-E
144770803,06KS3F-E
26995350,07ZCXF-E
139725127,07PC6M-E
23145271,0642GP-E
25176311,07VMJ5-E
21999765,07QRNG-E
27739707,07XF5T-E
314557184,0742CN-E
315779427,07LPNS-E
27552383,07QT5G-E
22004412,07RM6Q-E
26560827,080VMZ-E
22235103,066QFT-E
195230593,07VN0B-E
316168131,06V3WH-E
27589650,07W1HP-E
27589650,07W1HP-E
19889044,06GJH7-E
19889044,06GJHM-E
23221821,06185Q-E
305962895,0D19QL-E
18908231,083YCS-E
21687031,0FPMLQ-E
23023469,0CSTDP-E
196870159,076WT9-E
314554394,06186S-E
20874070,089Q5M-E
27754909,0036GK-E
27754909,06W6WY-E
23509515,06SPX8-E
200578365,0FGG0T-E
200578365,0FGG0T-E
22197236,008SMH-E
139503076,07HS7Q-E
139503076,07HS7Q-E
24875607,0C85RY-E
63454849,0CC85D-E
178414056,001L9N-E
26384266,06ZH7D-E
137392753,0C6214-E
22998873,07XMKS-E
26418662,068P7N-E
49951469,064PJF-E
21704726,001GR3-E
139158062,0B2GN7-E
23220923,061879-E
143221980,002VMQ-E
303579764,07VK54-E
154158826,07XG47-E
314547038,0BL7BM-E
21779160,0CSHMX-E
152346084,07XDQ0-E
174807521,0C2G9J-E
47719651,0D23B9-E
22042376,064QT4-E
23657608,07TGTR-E
283778435,000VSV-E
139659927,07RCJN-E
21617838,07QC4Z-E
22011017,07DHYR-E
139500655,0C6K02-E
270346338,06ZP7Y-E
317555758,00G95S-E
21905562,07QN9V-E
152260347,071BPF-E
317539631,07RJHX-E
326996867,0722DD-E
326996867,0722DD-E
23657308,07T5KG-E
282848420,07XGCF-E
46037423,07XFCM-E
49036356,06RQNH-E
23404215,06NG38-E
139957540,0D1F77-E
149387583,06GJH7-E
149387583,06GJHM-E
23711505,00BZN4-E
27230363,07RK3N-E
277320525,0C67QY-E
293633190,07XMZV-E
22971920,07ZW98-E
23258539,007VFZ-E
20578183,0C6FQN-E
314277314,064SXJ-E
27588169,06T5JC-E
58200223,0CC6G6-E
24738427,00BSJL-E
20374750,072RWP-E
137603679,0CVL95-E
177252272,0DX22T-E
20173610,0C6JLZ-E
174609616,07BC6S-E
23335709,089KKH-E
24314392,078Q7K-E
315431038,06XPZG-E
196299737,0012VB-E
143189688,064P9H-E
311508542,0034NW-E
21623365,072HTB-E
178678644,000FJL-E
134828159,061825-E
48848182,07R7TK-E
276774920,0CJVW7-E
198763351,07R9D9-E
175206043,0FT4FZ-E
19904143,07VMJM-E
58850784,0CC8D1-E
23778600,083K8L-E
174890214,0CYHB0-E
23781877,07XHTZ-E
23781877,0B8KTV-E
175289012,06GWDX-E
24141827,07ZKS8-E
140366694,0C50PK-E
49853571,07PBSW-E
308686888,06KJ77-E
23350325,00D58K-E
49962084,080GWR-E
315014931,061877-E
24931830,0727H9-E
30456277,0FS9WN-E
57277786,0GV599-E
30513425,0GQFGN-E
286525340,005M41-E
136571683,06V25L-E
30622627,0B5SLN-E
50722472,0CX86S-E
141412466,0B7Q8F-E
21670834,07M7DP-E
195713672,05PJFD-E
23113282,0721BN-E
28798312,07XM07-E
27707875,07V3BC-E
304861888,05RQCL-E
57684815,07PDGJ-E
25351631,09XCS9-E
21691246,05PHZF-E
19457519,06RY26-E
23419095,080C95-E
152073899,064QWC-E
22225413,0766T9-E
19746959,07H270-E
27323155,07PCX6-E
196175360,07PB3X-E
24127633,0DSBMM-E
313999550,0GL621-E
23479693,07PBR0-E
24028042,009HMD-E
23048926,072RWP-E
147866179,07V1SZ-E
303595538,08767Q-E
31119310,0604V9-E
314797838,0GWNZX-E
54095350,00DSTR-E
54095350,00DSTR-E
54095350,00DSTR-E
136363668,07Y0DS-E
27817138,0D1ZZ3-E
20043200,0C6FFW-E
30351436,06B3B1-E
324820743,0HNPZ8-E
20781746,0731G6-E
26248911,0CSHND-E
324975307,0C6MHH-E
156351729,05PKRM-E
140369004,009HDS-E
277207096,0G9YXB-E
305873500,075HYJ-E
151435944,000NZX-E
26415298,07ZDQ5-E
281568836,063V6X-E
21746004,07VKXL-E
276073901,00CHPJ-E
151589672,05LJ4H-E
25489946,07JXBB-E
20612992,0BCN6C-E
315431472,064QJ7-E
31241538,0C87Z4-E
285548821,0CSHM6-E
323490654,07DKKB-E
136571828,06K6KC-E
136571828,07J5ZD-E
284516387,006BVZ-E
139052373,07P7YD-E
145804196,0DPFXH-E
315895095,064WH2-E
20552946,07VSGP-E
141871199,064SWS-E
22011020,07YV4J-E
21980773,05LHY4-E
197586739,07XF5T-E
22958565,0D37GR-E
50299943,07XLWJ-E
197590372,064RMM-E
22978872,0FGF2Q-E
19116301,05LHQN-E
197470394,05PHFY-E
141262876,064Y52-E
149149372,07XMGX-E
23340514,0C3JVH-E
317031401,06NQYK-E
195337749,07XDHP-E
139695799,061830-E
21983155,064TYK-E
151291688,05LHQN-E
18908769,071GYW-E
24382586,075WJM-E
27934424,0704YN-E
141471958,00CYBF-E
313969542,07Y7LD-E
141510864,072DY7-E
141510864,0BB88Z-E
20443692,064P9R-E
58072055,0DDVXQ-E
21702999,07R8G7-E
21702999,07R8G7-E
314156177,0GQQJD-E
21619599,0B6GDL-E
22007074,07XJC4-E
310376480,07PD6W-E
27318642,0885Q7-E
22282210,0D426K-E
27687067,000P9Z-E
195367192,007SMN-E
23762294,0C36D7-E
23029694,05PHBF-E
142708907,0FGF2Q-E
27659647,07ZFW5-E
187347365,064VZB-E
299141958,06KW3D-E
139680199,06GFD5-E
31571408,07PBB1-E
293331191,0FSQRR-E
28582673,07RKPH-E
23261082,07QS9X-E
23228271,0C36GM-E
314567612,0C36GM-E
195822309,064W55-E
23356596,0G8W7G-E
151272584,07P9M5-E
149183857,000P0S-E
27251407,09W2P4-E
24340996,07QCX5-E
327013143,0GS9WK-E
21618700,005M3T-E
21696881,07RNX8-E
30759167,07RKBJ-E
54068688,0C6FWQ-E
295263051,00F5S2-E
295263051,00F5S2-E
21986833,07VPRP-E
139503109,0FT41R-E
139745276,07313Z-E
27726355,06T046-E
23332864,07XKKW-E
23330855,06188V-E
139680172,0D6MR1-E
314125545,083V6C-E
155072347,083M40-E
323248835,0CSL03-E
151589843,000VSV-E
287681338,00BQ5T-E
273132088,0F9WZZ-E
144518310,05LJ4T-E
141280077,0GLSBN-E
58188747,089K39-E
23011654,008VHG-E
23011654,008VHG-E
21980283,064QPT-E
21734659,06ZZNG-E
27599349,07XLLY-E
142385722,072L3K-E
142385722,072L3K-E
283778386,000VSV-E
21248542,06PC83-E
50400330,0FT6NR-E
22297008,0019PR-E
24431937,0CS38B-E
19888671,006BDM-E
50406364,079P3S-E
178473818,05PH14-E
125946886,0CZX9S-E
21645357,0HHBG2-E
19447599,063Y5K-E
196013974,001VTH-E
21824287,06JWXB-E
28124324,0B16Y3-E
21624968,0B6GDL-E
90376695,05LJB2-E
21697379,07XDFL-E
21939272,0072TH-E
174962191,07W91T-E
22044673,05LJ2N-E
20408008,064NFQ-E
26550215,07PB1R-E
315283073,078C0V-E
284906077,072W09-E
21767948,07RK3W-E
283778391,000VSV-E
49485660,062Z1R-E
305802891,07VRJ4-E
22998872,07XPPL-E
27783524,05X7DH-E
24377882,0C922D-E
151518419,07VLGV-E
314562860,071MF8-E
136784530,07R8QZ-E
328452263,083ZLM-E
20464357,060WC0-E
58388381,0D7LK2-E
25582880,07L0VY-E
22007799,064Y8L-E
316747345,0C87Z4-E
23425577,07QSLL-E
20326574,0715M3-E
329258360,0BL7BM-E
58672548,0B9SHH-E
49943730,07G6Z4-E
141367695,07RMRL-E
30859729,07PW33-E
21690469,077TBJ-E
24864696,07277R-E
201499786,003TGZ-E
149590200,0FMZBJ-E
21776495,006VG4-E
54791307,06170P-E
309334737,089TPZ-E
309334737,089TPZ-E
315027774,07PDKV-E
314084208,061877-E
175068620,0CDPZB-E
195283029,07XJ5B-E
139668671,061834-E
137220749,06188W-E
21782512,064BDF-E
197489780,05K50B-E
308167055,00CHB6-E
308167055,00CHB6-E
19095742,085B5N-E
49693298,000NYW-E
134825347,007376-E
22030409,07V9JM-E
19261181,000ZKW-E
21995062,0FBVQD-E
57501548,07PBM5-E
139663939,064QJ7-E
286235733,063GFG-E
175035724,07XKN8-E
298593881,00G8YN-E
283778291,000VSV-E
290586739,07PBSW-E
59647238,06JKZP-E
22955049,0FDQJG-E
57521110,0FQYYH-E
293247714,07XL29-E
27792467,0695DR-E
137341481,07VRB9-E
275457979,0C6J3T-E
193112741,05TD89-E
141366491,0GQCR7-E
21621652,0C6J0X-E
142816596,07KDZY-E
155048033,07H270-E
141153541,07VBXP-E
306641860,07QDR4-E
90981952,0H251B-E
173712343,0GWCDG-E
21628498,00B6P0-E
23192183,0731H1-E
275513819,0C6K0N-E
20184609,07V1SZ-E
21644210,0DK1WY-E
139413016,07XJTX-E
24925207,0CPBKD-E
27631358,001D11-E
48385180,0C6760-E
30887397,07KQDW-E
315904992,07XGVK-E
51361795,089KJ9-E
19866115,07V396-E
23393595,07R9LC-E
22949661,07QDQX-E
151400287,0G251M-E
47824651,0GL8ML-E
139673663,0FZPHD-E
278463748,0DDVXQ-E
24133056,07NMB5-E
31677956,0BBDL8-E
197397937,0B63J5-E
148625003,07ZJH9-E
27551079,07QDPQ-E
284906780,07XD9F-E
27537861,085G63-E
196232007,07QV22-E
50219490,0DKLTJ-E
133583411,06X58G-E
174610114,071DQW-E
27237959,066L0G-E
27237959,066L0G-E
23224466,0GWNZX-E
19434187,0C6R02-E
52175705,061875-E
21725620,08406Y-E
23595709,061874-E
27597027,07VS91-E
148612439,0HHTG0-E
23030344,07QB0S-E
22962440,083BXN-E
27447596,07QSDK-E
313026949,08406Y-E
27883720,07XQS3-E
21676346,07M7RD-E
25347669,0720ZX-E
22971675,07W8NM-E
21971520,0FW4VX-E
278987284,0FT47T-E
283849810,083Q4M-E
21009736,064W53-E
20395499,07T7WC-E
300361851,09HJB5-E
26711033,004LC9-E
146490307,0CR8Y5-E
316855565,07P7YD-E
43116201,0GLC6N-E
31719340,07XL29-E
30783658,05SV91-E
22715904,07PD9D-E
326203048,006WWX-E
21745238,07TT8P-E
280309854,0D67VZ-E
61844617,0DGQ7H-E
19886697,07W9WB-E
19886697,07W9WB-E
22008320,0CN0WC-E
22924034,06186S-E
22924034,06186S-E
139661370,07HQMT-E
21727230,064WHJ-E
283778394,000VSV-E
280251378,07DNMF-E
56199180,089LVS-E
30656922,06P75M-E
21623428,06KW3Y-E
22038145,000NZV-E
58329653,0C6FKT-E
143443634,07PD3S-E
21793945,078LYW-E
316091416,07XFGW-E
30782722,06185H-E
274879821,07LNM4-E
18885103,065ZYC-E
195693431,07V396-E
19918473,0C6FK1-E
26344201,065LZ1-E
53280450,07XHM7-E
23709954,064Y5Y-E
315550343,0614WV-E
27709259,0B72JK-E
23188977,083ZVX-E
22028433,0BSDBN-E
25579754,0GH0P6-E
178360271,05TD1D-E
141374625,000P9Z-E
21627459,0D8CRT-E
21711495,0BCN6C-E
20569745,072RWP-E
140061177,0FTS28-E
140061177,0FTS28-E
147557199,07XJ4Y-E
149374909,08069G-E
315702393,06V3WH-E
23655768,06V25L-E
22202249,0072RR-E
315722519,064Y52-E
24054733,0D32C9-E
21620795,083BY6-E
314001624,0742CN-E
298601914,0B20CS-E
196349330,07XQX4-E
175252480,079N8X-E
278675531,0FK4Q5-E
19213876,079P3S-E
151406398,07V28V-E
21849859,07VC23-E
21788545,07XGT9-E
276821998,064SWS-E
21690836,0957M8-E
286235741,07H311-E
275290001,0CJVWV-E
23004933,070XV8-E
19885855,0GWLSQ-E
283778459,000VSV-E
314857897,064QJ7-E
26196165,0822F1-E
36377153,07RL8K-E
36377153,07RL8K-E
36377153,07RL8K-E
49939459,0738RN-E
23682050,0DFM7J-E
326493818,06SZRJ-E
21670709,0C6FBF-E
51274860,0HBPVS-E
141287616,06170G-E
51428361,0FX4CM-E
139809188,06411P-E
139809188,06411P-E
22974063,06Z875-E
53281594,0GWFQJ-E
19888901,0CSHND-E
175392323,095HFC-E
31677954,0C9M1M-E
140426059,072V3B-E
54172367,0FQMQ4-E
27551838,007F2Q-E
59064391,07PCCD-E
27400775,07TYS5-E
175232312,064X4N-E
315496748,072K8R-E
21644349,0C67QY-E
145897889,085FNH-E
26637516,004LC9-E
21626261,07XCVV-E
23029578,0D207L-E
57223682,07XCVV-E
134306959,0H4C0L-E
21940539,080JX0-E
149566168,09HN24-E
149566168,09HN24-E
21881633,0GG7MC-E
49910620,0660Y5-E
20399224,0617QJ-E
23019944,0B354K-E
135420680,06XPZF-E
19885821,0C6P45-E
316059196,0CT94F-E
21788900,0C6FNQ-E
21788900,0C6FNQ-E
27828620,0DJ6J8-E
21737862,089WKJ-E
27827217,07QS1W-E
61573797,0GJ2PV-E
175396787,07XDL4-E
23397450,07P7YD-E
20197007,07DL52-E
56210534,0DQBSW-E
195720396,07XQX4-E
23978488,06181Z-E
286711528,07PD9D-E
299837199,0C6349-E
314585066,06186Y-E
21624924,064X4N-E
178879917,0BT5PH-E
139699664,07RC9J-E
22314599,077LR0-E
195679092,09J4F4-E
22969746,07QB2P-E
22007080,0G7742-E
283778439,000VSV-E
91159875,07VRN5-E
22940494,007YV5-E
19688474,05TD09-E
90263194,000VSV-E
19883615,07DW2Z-E
21725570,07XLMW-E
23562995,064WBC-E
26055938,0C6MCF-E
298625130,0GWGFY-E
312272409,0B7QM6-E
23411072,07XN0Q-E
326200532,085FNH-E
33892561,09V9ZN-E
30494567,06QJBQ-E
23010437,0BXHHH-E
139663987,06182B-E
151288478,07ZDQ5-E
27256161,086F6T-E
315799955,07PCXD-E
27237796,007SMM-E
280221760,064W55-E
24154788,07QPJ4-E
135421237,06XPZC-E
31400922,05VYLX-E
22033635,07PDT7-E
27605180,0836VQ-E
26954153,0C6G24-E
33775222,07Z5LR-E
22038025,065CZ0-E
29074565,0CSWXR-E
196294336,07W460-E
49967788,0F95SB-E
308787170,0FGX4V-E
23210099,064QJ7-E
51637611,07L8Z0-E
32618674,0D2RP1-E
314854976,06186S-E
314854976,06186S-E
23462812,0CLY7R-E
30462002,00C3Y3-E
20368098,0C6LXC-E
23010169,05L3C4-E
22047468,0DW5JQ-E
137341457,06MMWQ-E
281737685,07QRNG-E
24343645,06WDBY-E
140939008,0GHNJ6-E
316146367,07PDKV-E
138867242,07R7SK-E
21733695,09XXC3-E
138470284,0C6FTC-E
193998780,007VFZ-E
19946579,0CSHM6-E
141369325,07PBDC-E
139245209,07PW9C-E
278373525,0FSQVP-E
51361503,05TD24-E
49679536,07VMGV-E
142574498,07VM92-E
27283476,07CRQY-E
307404546,064W53-E
135527209,07PBQT-E
30831355,0DYGXH-E
23235666,07R7SK-E
281381235,003LR8-E
301096998,0FL3PJ-E
24924051,083KDN-E
58870359,07QTGG-E
30504549,07QCJK-E
315765771,07XKGB-E
22797113,083RM9-E
27270982,06KN9Z-E
136555931,0D6MR1-E
149410244,085FNH-E
300141739,0C67QY-E
28417939,062WG0-E
22083926,006LMT-E
283778293,000VSV-E
135537375,07PBRQ-E
140146270,07RBT6-E
135601373,06WF2C-E
28010500,07RKSX-E
142711865,007SMM-E
21734409,072V3B-E
21859204,07QDR4-E
26619388,07R77X-E
21681799,06NDYY-E
175359803,0C6PF7-E
52575069,065FFL-E
19437733,0DJWQB-E
265952288,07R88Y-E
141738386,0DXZBV-E
22115215,0BYNT9-E
23209147,080NPZ-E
174402143,0HDKJS-E
31235959,0025HQ-E
305479094,0FGXD8-E
141251192,06186S-E
141251192,06186S-E
22048214,07R8KQ-E
57567145,0614WV-E
20375474,005M3T-E
133546253,07QCH7-E
23689883,07RHNQ-E
174904686,072DBF-E
134617271,0FB2WS-E
301705290,066RK8-E
195050986,062QYV-E
19992031,064W53-E
23325799,06185S-E
271548770,0FT0W7-E
20263277,083Q4M-E
90152731,0CSHND-E
23047493,000P7N-E
21734505,07XFCM-E
26911252,066P86-E
24701324,0CV5FR-E
58992481,07XJR6-E
25517696,0CLL8V-E
135551571,072K8R-E
21922727,0FT6NJ-E
141367557,07XHLF-E
19437643,07RGLT-E
270392713,0FYRFQ-E
276822008,0C6MBC-E
144410822,07R72W-E
22001732,0CYHB0-E
54902772,000P9R-E
21080476,0CR90W-E
141366560,06K6KC-E
141366560,07J5ZD-E
20367778,0CSHRG-E
56499235,06G0NJ-E
23862447,077VJ0-E
19137453,083RM9-E
19893461,0C64DQ-E
24045360,0BKSYF-E
261017763,07XM07-E
20110872,0C69FK-E
278933844,0CR90W-E
313669924,06186S-E
313669924,06186S-E
30539141,07B514-E
30539141,07XBGM-E
21987050,07M7DP-E
141366099,064Y4T-E
23197035,0FZPHD-E
278778999,0GGF4L-E
23404858,07YVLV-E
30781167,00BCG4-E
138525055,06186S-E
49728860,0B7DH0-E
140994730,0DLY0P-E
328464322,06L00D-E
139665541,064QJ7-E
313999150,07R7SK-E
21694406,07RK7G-E
23945351,06170N-E
59358270,07VPQP-E
27544128,06DVWN-E
141375509,073L93-E
20416423,0GTGX3-E
23006478,07XMJ8-E
51751803,0885Q7-E
90509247,06FZQB-E
19304673,06CXD1-E
139559339,064X18-E
139559339,064X18-E
22985462,07QTPP-E
327794196,0CSDRY-E
27389113,07XHQS-E
143936536,07D8S6-E
314715348,07ZX5Y-E
55105652,00CY4V-E
24009172,09XYZ4-E
22667959,07PC7R-E
139713700,0C367G-E
175072767,07RK3W-E
280972687,00DD8B-E
23080825,09LBFK-E
149203339,064XJ7-E
25750005,072C8P-E
21951944,0BHJDJ-E
54888483,07VN1N-E
19083409,0GLRV0-E
22947535,07YV22-E
21998713,0H2FKR-E
315547531,0GQCR7-E
314144055,0G59M1-E
133903762,06D5JD-E
275882015,09PQS4-E
49225352,07PPN8-E
21701985,07XDDY-E
143441526,0C6FFW-E
314999695,06186S-E
314999695,06186S-E
281808786,06411P-E
281808786,06411P-E
51330571,07BK8B-E
24337085,09MTT9-E
314910524,00D58K-E
24069593,07929Y-E
175083000,06186S-E
175083000,06186S-E
278163115,0722DD-E
278163115,0722DD-E
139679543,06W145-E
19277770,064NFQ-E
195659208,0DGY8C-E
326202958,0FLJKG-E
52178786,07XCZT-E
315045801,061825-E
26684549,083Q4M-E
21624325,06KW3Y-E
197147265,05LJP8-E
27900999,0C6HZV-E
319269950,07ZK1R-E
55477596,064V2S-E
38547100,065NNR-E
134773480,07VCB5-E
315480291,06XPZG-E
27739923,07PB2Z-E
325374898,07PW9Z-E
30196362,083ZTJ-E
20636529,0GZ5W9-E
197396606,06VYY5-E
22960037,06RP5K-E
57501619,07RBT6-E
136571761,07XN1T-E
23144231,07W460-E
139680027,071FCC-E
27696021,05V0XR-E
319246553,0FPMLQ-E
321165164,064R3G-E
314163164,07R75R-E
23553326,07XLTV-E
139664581,0DCL35-E
21662693,0HDKJS-E
23333065,006TMP-E
23383064,00BTZD-E
152861307,077BCQ-E
137226011,007ZYM-E
195497837,07XF04-E
19537359,0655B6-E
144700586,0F93ZG-E
47811777,07XJL5-E
174867445,07QBNZ-E
21946772,0C6M2F-E
174850390,07RG8K-E
23334742,061872-E
314714323,06V791-E
21670387,070H90-E
317209353,0BSBW7-E
317209353,0GZB20-E
307379282,07R8BB-E
155533461,0CS8QW-E
22039651,07DNRW-E
317663973,000VSV-E
18956867,077LR0-E
22008903,06TVTX-E
147696420,07VCB5-E
135537661,07QSLL-E
27856432,05PJTN-E
19003394,0721CY-E
19581250,07PD9D-E
174999014,00CZ11-E
21866969,00B6P0-E
22945987,0723PQ-E
27612862,0G0C61-E
298651623,0DW5LS-E
140367416,06XH84-E
141669656,0CSL03-E
133804644,06GXQF-E
26585227,06KN9Z-E
26228432,07XHRT-E
330063379,09XXC3-E
303694760,071GYW-E
285565840,06VZK0-E
319926514,0H43ZD-E
175035745,06JB8H-E
24521731,0CN46K-E
321578631,07XL8R-E
321578631,07XL8R-E
49962333,07QC5C-E
21699273,07XD53-E
24331128,06NQYK-E
315910153,094P3Q-E
21701142,0CJ7J2-E
313963611,07XHTZ-E
313963611,0B8KTV-E
195389032,071DQW-E
55240192,0C6F8R-E
19077903,006VG4-E
144618458,0FMZBJ-E
49973217,075HYJ-E
23414458,07ZX5Y-E
25187024,07PX9M-E
21669686,07P8T4-E
314901242,06NG38-E
50665914,00CR8J-E
198381359,07W460-E
89945637,07QRK3-E
23322330,06VN1D-E
314547804,06XPZC-E
35554991,073GC0-E
21732286,07DD5V-E
21893375,0C6F9J-E
27274628,064X1L-E
144024809,0657B7-E
19891722,07ZJQ2-E
274821511,06JHVM-E
22971044,06HDWJ-E
49910745,0CSHM6-E
27777195,08871Z-E
24996918,079J6M-E
58249618,0FSTMB-E
19308710,0C6P8N-E
142444122,06186S-E
320707264,07VNZB-E
52937978,0CSTC2-E
143319773,06170X-E
51330880,06WFZC-E
177381203,0FM066-E
286508160,064S5Z-E
21958042,0DQZYX-E
21768299,073189-E
308618181,0H21HX-E
149653947,000ZKW-E
174902552,07XJWW-E
196990805,072RPT-E
141917932,07QTFR-E
23467589,0B7K8Y-E
293627559,074LT3-E
174990918,07YSH9-E
50384451,072F0Z-E
199692911,07Z8WG-E
143541346,07QTRK-E
27501094,0C6J3T-E
22968209,080M1B-E
19154364,08699Y-E
19155699,067P86-E
22974596,072P4W-E
22990234,0CBYYQ-E
49308802,0GYJVN-E
21764188,07ZL0Q-E
23962396,06170Z-E
327161205,072GRM-E
27525817,085743-E
21889551,07V00R-E
19419784,07PVJ5-E
21643192,0098HQ-E
21643192,0098HQ-E
18890523,000P0S-E
21206141,07V090-E
25505470,06V791-E
145539935,0CKHW7-E
285071978,0FMPG0-E
20463937,0GSBDZ-E
56197164,0DJWQB-E
284942279,05LJ17-E
22981375,06XKDQ-E
140120701,072HF0-E
143539520,0B63J5-E
283778404,000VSV-E
140643774,07RBT6-E
152530121,0FZ986-E
90263241,0DSNCL-E
23027397,05L2YW-E
21786695,0C4BJF-E
175092283,0B1D3W-E
31624440,07XKH0-E
28344330,0C8099-E
21985502,0C6FCZ-E
23925070,07SVYZ-E
23010498,0CRPM1-E
23010498,0CRPM1-E
19268237,07RKTY-E
51491870,0FZCS3-E
90510222,0G11HN-E
20006713,07JKCY-E
294597912,07ZK1R-E
23886079,07PBQ1-E
31379078,071F79-E
30904361,06186S-E
30904361,06186S-E
283778396,000VSV-E
47467382,064GXY-E
175104602,0FWKPN-E
90495123,0H25QM-E
294389750,0GGH62-E
21971044,00CNZP-E
139780966,07L0VY-E
30909936,061877-E
22040556,07R7D6-E
23137782,08406Y-E
175378181,0FSTMB-E
275363889,000VSV-E
23253715,06185N-E
139667750,07TRS5-E
280089198,05SKPX-E
51479953,06M52Z-E
20597705,07R97Z-E
174976434,07QC75-E
57280310,05X1PX-E
198638599,061MD2-E
21826218,083ZMH-E
312605316,07M7DP-E
139664886,07RC9Z-E
203372792,0C7149-E
20860799,06L4KP-E
21986529,08767Q-E
52177855,005NKZ-E
147574114,0BZ5D9-E
322436803,0CJZND-E
295177023,07PW33-E
23327037,06PRC9-E
26687472,07XQW7-E
324547267,080QG0-E
324547267,080QG0-E
299141511,06V6XF-E
28437663,07VT7L-E
153955607,070F83-E
137022502,00B6P0-E
19888029,06B3B1-E
315904765,064QJ7-E
21680018,073189-E
170034719,074ZFT-E
21941304,00D75J-E
197558043,05PHXX-E
136363418,075C1M-E
151376431,07ZC8D-E
315030807,06NQYK-E
155028165,000VSV-E
51543174,07JKCY-E
51831634,064NFQ-E
138521069,06PC83-E
51812703,083YCS-E
283778281,000VSV-E
283778286,000VSV-E
283778282,000VSV-E
283778267,000VSV-E
20893020,062QYV-E
19125636,062QYV-E
49908786,072L5F-E
19189651,080QNH-E
33383554,080QNH-E
49894296,071GYW-E
52180923,07QTC9-E
53153362,064BDF-E
51962299,065ZYC-E
283778283,000VSV-E
29196094,0CK089-E
47361792,080PY4-E
27823275,00768H-E
21136430,0CJVW7-E
50355176,0CJVW7-E
283778280,000VSV-E
19893301,080PY4-E
50830935,05N5TY-E
22338870,07NTTC-E
283778289,000VSV-E
55084304,083ZMH-E
47192680,080QNH-E
156364165,0022MF-E
49899576,07PD9D-E
49881818,07VSNT-E
49866365,079P3S-E
51837396,06RY26-E
47189373,064SXJ-E
49764874,07QBZJ-E
142801829,07KJRH-E
142801829,07KJRH-E
52151261,0657CD-E
34577931,083Y6R-E
283778288,000VSV-E
19427191,06R190-E
283778285,000VSV-E
54202593,005M3S-E
27510852,0CR90W-E
49878072,064QLS-E
49910653,0B3Z2B-E
49902355,071FCC-E
22495812,064XL4-E
138255145,0657B7-E
21111192,006VG4-E
49910710,05LJ4H-E
47196441,07VN0B-E
49765461,072RWP-E
43587141,072RWP-E
47834747,0737K8-E
49890075,0737K8-E
47204067,07Q7NM-E
49889669,0DW5PL-E
49910612,083ZVX-E
49808690,07RL8K-E
49808690,07RL8K-E
49808690,07RL8K-E
27613810,002L85-E
52087244,080C95-E
52140999,07RK3N-E
49030180,07PB44-E
283778266,000VSV-E
49881531,0731G6-E
51878222,064W3D-E
51878222,083GBV-E
21887905,0CM680-E
51939722,073L93-E
47361941,064NVG-E
20050046,0722DD-E
20050046,0722DD-E
49910675,071BPF-E
26682353,089TC5-E
21644550,086F6T-E
52205391,0CCYJK-E
52140551,07XFBF-E
51990747,07XFBF-E
51911305,0841BH-E
52008078,066L0G-E
52008078,066L0G-E
20679181,07VN0B-E
282179703,074ZFT-E
52152924,0614WV-E
52156831,002301-E
54297949,005M3P-E
54297949,005M3P-E
29595532,07P9ZY-E
52512029,0019PR-E
49885651,086F6T-E
46776774,0099RC-E
52037934,07VN0B-E
52180449,072TWY-E
276080619,0B3Z2B-E
51773238,083M40-E
29289559,07VMC0-E
19051169,0CSHND-E
19939689,0CSHND-E
21693764,00C87T-E
49773921,060Y9P-E
274966150,083ZVX-E
138977869,072TZD-E
52280212,0CR8Y5-E
49889431,0C6FBF-E
49874753,0B2GN7-E
283778325,000VSV-E
51939793,00CHPJ-E
49889363,0C50PK-E
21785299,00C028-E
46776235,07TR3Y-E
50812620,07TR3Y-E
140186442,07RK3N-E
52155248,0D2LCV-E
29283145,07XCT7-E
49713085,0FT47T-E
49884988,06B8ZR-E
29245769,0657CD-E
49918447,07XZCZ-E
156180037,064X7X-E
27374727,07XQX4-E
49859163,07XQX4-E
49879867,05LJDP-E
52150859,000P4J-E
49871263,064VJV-E
49910590,071GYX-E
49776885,06186S-E
49776885,06186S-E
59175245,07TK4D-E
140129548,0D2LCV-E
49878056,07QN9V-E
46740655,064TG6-E
27986394,06186S-E
27986394,06186S-E
22044513,06KXGL-E
47188709,065BFH-E
52550931,07R8QZ-E
47361506,071DQW-E
32940908,071DQW-E
138514382,07R8QZ-E
19170925,0B1KBD-E
52498566,0029S6-E
55916155,07PCNS-E
21993612,07VR5R-E
49908768,07XNBG-E
49908768,07XNBG-E
21669675,07XNBG-E
21669675,07XNBG-E
53112768,06KN9Z-E
27938133,07R97Z-E
52223463,07R88C-E
40275874,0C6LQS-E
49801906,064QLW-E
51829478,06185Z-E
19939006,06185Z-E
139398955,072TWY-E
49877365,072JGT-E
52677590,064P9H-E
49332972,0FZCS3-E
49910706,0CGX40-E
52666879,06J3RX-E
49910585,07PW9C-E
46738144,06JKZP-E
52159418,00B374-E
141883698,07XL29-E
46805142,085XFG-E
49274578,07QV1B-E
51816002,085XFG-E
49885986,07XLZR-E
51931755,064XJ7-E
47778604,0B1KBD-E
19887368,089LVS-E
138851172,072P4W-E
19089791,064NVG-E
49856579,09HN24-E
49856579,09HN24-E
20371478,000NZB-E
49890085,07XF1V-E
138454314,09HN24-E
138454314,09HN24-E
52127984,000NYJ-E
22987522,073XFR-E
51895083,0642GP-E
21662170,07QBNZ-E
49889307,0C69KS-E
52138111,0FPMLQ-E
21713961,0C2BQ7-E
21713961,0C2BQ7-E
49802154,0C2BQ7-E
49802154,0C2BQ7-E
140191984,07RH8T-E
27714279,07RH8T-E
49863775,07P9V9-E
26526783,0013MW-E
27812656,002HGF-E
49004852,0721CY-E
27482091,0064GC-E
45696966,0721CY-E
140068248,00B374-E
283778324,000VSV-E
49910644,0C6F6R-E
49515773,0861DH-E
49878029,09HB7M-E
47197563,0FKGXH-E
21979999,07XKDY-E
49910659,07R872-E
30834747,064S6F-E
49878526,062V31-E
52319819,07QV1B-E
19831554,0C6FK1-E
21279468,064S6F-E
35572792,000P76-E
47362450,06ZWMD-E
19587976,06ZWMD-E
47551920,07ZDCW-E
53360997,07K1VQ-E
21693980,0CS12Y-E
27490189,0CS12Y-E
49910636,07ZDCW-E
22032435,0DLZD2-E
49876660,07ZJH9-E
138855479,06NZGT-E
56164002,06NZGT-E
29115729,064QT2-E
46050375,000P0S-E
23059246,07R8QZ-E
49909220,07Q6HB-E
283778437,000VSV-E
27070296,064R4X-E
49880991,05W86W-E
52217651,003J1H-E
52153118,0730ZG-E
49610557,06RP5K-E
145147833,0730ZG-E
61040796,061867-E
52137377,000P26-E
22062611,0019PR-E
63036533,0861DH-E
49767707,072SX2-E
156363850,072SX2-E
46867096,07PCNS-E
49911146,0C6K0N-E
145136888,07K1VQ-E
52129803,064TG6-E
52168306,07PVMQ-E
49886672,0C675H-E
52174921,07CXNJ-E
283778287,06GFD5-E
21700307,064TG6-E
49877786,06KH75-E
23404579,064WFN-E
23404579,06Y3KT-E
52182657,07MFPQ-E
51467988,07XLWJ-E
58962598,07XLDD-E
46593423,06JB8H-E
52597916,06JKZP-E
52949533,062SFC-E
31750891,065LZ1-E
20658835,0BG8Q8-E
139394704,0064GC-E
52178488,07VQSY-E
52178488,07VQSY-E
20368018,05LJ30-E
22966809,0737TZ-E
54719770,0737TZ-E
19572207,06ZVS3-E
49683896,07V1SZ-E
47765963,064XYJ-E
51876905,064XYJ-E
51908197,05LHQN-E
49910541,07VW1G-E
19582332,06RQNH-E
49910806,07ZDQ5-E
52129037,064X7X-E
140224199,0FT3BX-E
156239675,0GZ8ZD-E
47191665,002MJD-E
22191344,071Z0C-E
29083168,064X7X-E
47763475,0617QJ-E
49890050,0G0CRP-E
52128821,0DLY0P-E
32862533,06PJWN-E
145087752,07MFPQ-E
22439662,008SMH-E
142870182,0DB1ZV-E
23824574,0B7Q21-E
140954443,060Y9P-E
20184707,004LC9-E
49816325,0C6R02-E
52885366,07V28V-E
20394957,0C6MCF-E
49917147,0C6MCF-E
20937526,0D4CHC-E
142217092,07VQSY-E
142217092,07VQSY-E
32805773,061877-E
49849033,07DDM8-E
49849033,07DDM8-E
27657060,07R90X-E
21773687,07VKLL-E
49910763,071H29-E
20388994,0D4CHC-E
49869269,073XFR-E
47361510,0B42DT-E
53370950,0B42DT-E
47164123,07GS51-E
52687784,07GS51-E
138511618,06ZVS3-E
51877744,089M3P-E
21939076,064QLW-E
49923474,085B5N-E
23017135,0B2TP2-E
49890081,006BT7-E
57354693,07PFBJ-E
23634625,06PRC9-E
52169702,05L349-E
52178423,064P9R-E
21785728,07VN0B-E
21645533,0DW5PL-E
52171206,089QB7-E
35796377,05LHQL-E
47443796,07Q6HB-E
52910579,07M7DP-E
23952497,06186Y-E
143291121,06186Y-E
21996165,06NR9W-E
48767439,0715M3-E
55245181,06NR9W-E
49002805,083BXN-E
49859944,09TX58-E
47444878,05QX61-E
52172163,07PVJ5-E
52284535,07F9SW-E
145166152,0DLY0P-E
47374519,084J0Z-E
49847122,07QV22-E
33864068,002YJS-E
52227365,05LHCQ-E
142688904,071Z0C-E
24089222,07TGYH-E
51988218,083KQR-E
55037612,07XKN8-E
21907693,07XKN8-E
49910731,006T5F-E
139177988,07D8S6-E
20946365,000P5H-E
49910643,0617QJ-E
289085395,064NT2-E
156179114,0738ZM-E
52406459,0628GR-E
52406459,0DVQ9X-E
47588070,07NTTC-E
21214107,0C6FX4-E
21832586,0C6FX4-E
39847401,07P9M4-E
142919289,001S93-E
52123992,06DVWN-E
52123992,07XF6X-E
19320308,0FSXVG-E
55263648,06186S-E
55263648,06186S-E
49812978,064RDJ-E
52146494,0720F2-E
33306359,06QDVW-E
49901740,0CR4XP-E
31836361,05VYFZ-E
52681420,003HYG-E
49852360,0D0LDQ-E
169343811,07XLWJ-E
49004025,07VMJM-E
141744743,06186S-E
46806240,07XM7G-E
144542340,0720F2-E
52150142,06ZH7D-E
54154761,06ZH7D-E
51113421,0809G5-E
53831402,05TD09-E
52163743,0G1627-E
54344070,07XHRT-E
21935281,064SXJ-E
295649681,07PTL7-E
295649681,07PTL7-E
141232093,07PVJ5-E
52149642,07QDR4-E
149228694,07P7YD-E
62952561,064P9R-E
47194395,07R7DD-E
26527835,07TMSY-E
112250405,0CSDRY-E
18947782,064WND-E
55087352,07VN7W-E
52595753,07PFBJ-E
283778457,06GXQF-E
49910681,07W54D-E
23221071,0CVL95-E
57991015,0CYCH3-E
156240065,072K8R-E
21705513,07W78M-E
152031913,07W78M-E
52213172,07W946-E
49902092,06PV65-E
52138086,07QTJ8-E
49910819,0C6JWZ-E
52154318,064SXP-E
47222927,070CY6-E
20953349,07XDDY-E
49910560,0DQYMN-E
56460118,05Z30M-E
140131591,0715M3-E
52172617,003L1N-E
52155545,0CJZ2M-E
49910743,006S4Q-E
156347548,0G1627-E
139394747,064WND-E
46086288,05LH0P-E
49867226,0682KZ-E
49773690,07RHNQ-E
52143467,07TMYN-E
52171416,07W460-E
55935565,000P4J-E
50213225,07PCSD-E
47819013,05LJNY-E
141232101,064SXP-E
55992838,070W7T-E
51889636,0C6B0N-E
21619174,070W7T-E
52135424,001XQ1-E
52135424,001XQ1-E
22548891,07V42L-E
21143686,0FK4Q5-E
31773390,06170P-E
31224341,05L3DC-E
33394303,089LS2-E
138510327,0C6R02-E
47199949,064WH2-E
49890072,0729S3-E
49521576,0D37GR-E
21748468,064QLM-E
47468026,06HFF2-E
49846343,0CRPM1-E
49846343,0CRPM1-E
21620672,0C6BB6-E
138359871,07VMJM-E
21791899,0HF630-E
142830528,0672R0-E
22960219,07RM64-E
47219771,001ZYS-E
47219771,0DS0WD-E
49853718,0CJSWV-E
57280977,07PFJP-E
147432424,0HF630-E
52138506,0C67QY-E
19289554,064WBC-E
47188875,000NYN-E
156181809,000P9K-E
143279792,077BCQ-E
50355269,089WKJ-E
21971498,06170S-E
57198716,0B1KBD-E
33076144,064HRS-E
33076144,064HRS-E
148250569,07QTJ8-E
156323132,064X7X-E
26017261,07R7D6-E
46756849,07DDM8-E
46756849,07DDM8-E
52359388,08069G-E
53052924,07V9SB-E
144744060,0C6BB6-E
47217357,064X4N-E
19888993,06186S-E
49867709,0C6FQN-E
55240896,085GS9-E
156350341,072RWP-E
147399424,003L1N-E
139992790,07TMSY-E
53317151,064HRS-E
53317151,064HRS-E
32788996,063WNV-E
52153224,07XHPV-E
21881044,06NDYY-E
55943854,06NDYY-E
47224900,064V3X-E
49775609,09H7JT-E
55101615,07TGYH-E
274823756,05W86W-E
21626594,0839MM-E
49890053,0FT4CN-E
46332016,000P9K-E
18915357,0B6B1N-E
54199722,007SMN-E
49910640,0G4P9Y-E
52361982,07R6V4-E
52170128,07R6V4-E
148236574,003GBL-E
49890163,08699Y-E
260933899,05J6QK-E
54748544,064WBC-E
51880374,0B6B1N-E
52155439,06T5JC-E
54974998,07TZ6H-E
21722898,07TZ6H-E
47466599,07XGT9-E
46999372,0BG3QK-E
34854607,0C6LWZ-E
45020180,06XV56-E
60834855,05Z30M-E
21836346,066CC7-E
46968898,008P1S-E
49874993,008P1S-E
54258447,08406Y-E
52161420,08406Y-E
52153537,0FSVL1-E
276514497,0DQYMN-E
49926688,0B63J5-E
153343195,0B6B1N-E
49872331,07XD16-E
20424431,061821-E
139294629,060519-E
19890167,0CSL03-E
52032553,0GSBDZ-E
52166279,08380P-E
19988159,064W6F-E
19988159,064W6F-E
156256113,06170Z-E
156377753,0657CD-E
282792858,05VJ0P-E
63172459,06170Z-E
142877017,05MX69-E
142877017,05Z3YQ-E
307288339,07172P-E
21982176,070QZ4-E
49877950,07XFM8-E
49875714,000P5H-E
52176632,06WTR3-E
33428637,07VKDH-E
46594820,07PC6M-E
47200281,07XMFD-E
49855658,07XNJZ-E
142805105,09QKWV-E
22466299,0D4HLH-E
283778447,000VSV-E
53945364,05MD30-E
49885956,07WB2G-E
52137830,001D35-E
138522461,07HS7Q-E
138522461,07HS7Q-E
142811045,0C6LWZ-E
33355776,0C6FFW-E
49856279,0C6FFW-E
47654559,05SKQ0-E
57284224,07PCX6-E
62956766,085FNH-E
43383407,064QW9-E
21502215,05SKQ0-E
57287012,07QSM8-E
49859212,064Y7J-E
19259657,0885Q7-E
22099870,0885Q7-E
19082215,07V43D-E
19082215,07V43D-E
274842206,07ZDQ5-E
49910821,07TYLW-E
138510268,0FK4Q5-E
138856576,07R7D6-E
49910632,0C67NY-E
22984234,064SWS-E
36699190,0FFYZH-E
21628633,0C6760-E
141939389,08380P-E
20388167,083M40-E
52178001,077BCQ-E
19884566,07TYWZ-E
37549233,0DGY8C-E
49880252,06JWZM-E
176771544,06RP5K-E
20251985,07VNZR-E
20251985,07VNZR-E
125951132,05PGDQ-E
156291868,0DXHL6-E
58826937,07XJB1-E
156193914,05LHCW-E
139326177,0D4HLH-E
47362556,07V02M-E
29298180,07V02M-E
139430131,089QB7-E
140186435,0FSXVG-E
140210351,07W460-E
52172831,06Z1XC-E
61194055,07ZDQF-E
32348457,05LHXG-E
33930522,05SKSZ-E
22617959,05SKSZ-E
49851495,0FMZBJ-E
155922578,0HDKJS-E
20564049,0HL6HB-E
154065814,06Z1XC-E
51872170,06T003-E
125955246,06HFF2-E
27980278,07XJFK-E
52175708,0C6MJ9-E
49852271,0C34DX-E
139643320,07PC30-E
22036308,06G0T9-E
48090738,07YVLV-E
53109862,0DDCH2-E
47634956,0DJWQB-E
49896134,0FT3WS-E
49855019,078HYN-E
57283421,072L5F-E
49886304,07R8Y3-E
274828132,006S4Q-E
156221307,05VYFW-E
56498025,072QT0-E
139334534,064WH2-E
151772945,0B7DH0-E
33238050,06NZGP-E
57550011,05ZLN1-E
49910677,07329Z-E
19139330,060Y9P-E
91119966,09GKVM-E
53355175,000ZKW-E
52175220,07DHYR-E
22804133,003K7T-E
49776289,075C1N-E
22972506,0C69S6-E
54075432,0C69S6-E
22949877,0885G0-E
19890088,0GHR53-E
49910724,0C6P3G-E
52136772,07XN4H-E
45366552,064WP0-E
49877725,00CLTT-E
37230113,064X47-E
136643299,07QS9X-E
142849975,05LJH2-E
55247452,07TR9T-E
147323923,0C6MJ9-E
53113292,07XG47-E
145282603,07V43D-E
145282603,07V43D-E
51490979,07QCDF-E
49689602,064V3X-E
46777524,07R8R8-E
49910809,0D67VZ-E
49854409,07VK54-E
134807778,05PGDQ-E
35313908,07B514-E
19722441,07QTC9-E
49866186,0CSPZQ-E
25956467,0GTGX3-E
49909012,0GTGX3-E
29528652,07Y7LD-E
49000003,07Y7LD-E
22806972,083BXN-E
145490595,0B7DH0-E
21686887,06JL10-E
57436833,0GY372-E
30940206,07PW33-E
58555829,07PD7H-E
29693248,065BF5-E
52125897,079YT7-E
20980994,0868Z5-E
140006751,064V3X-E
49910615,0FSQVP-E
59254402,064Y52-E
59254402,0BYFV9-E
152604842,0GQCMW-E
139659300,083K7S-E
55241406,064QPX-E
49713481,05LJDN-E
52151069,09R1ZJ-E
32791659,080YLB-E
21800467,0DQL88-E
147409730,0C6M6Z-E
52176940,06YB2M-E
52147497,07P9M5-E
141963960,0D7LK2-E
29248897,07V4L8-E
156375762,06185Z-E
156254065,05VYLX-E
49729061,066008-E
156319419,07YVLV-E
154464244,07PB1R-E
62285775,07V49F-E
49879619,009XJF-E
55240368,06XH84-E
47946885,05VHVJ-E
47946885,0C9H3R-E
144493764,06WTR3-E
52172315,07K6QB-E
144558379,06S00J-E
53823593,05PLXM-E
52172705,061719-E
146490395,006T5F-E
19179657,07VMWK-E
21689632,07RHMX-E
133588154,07V588-E
49846008,05RY9R-E
49917280,07XQW7-E
52163518,06182X-E
22853331,07VVTW-E
27579667,07VT0D-E
52182671,07D8S6-E
49919857,07VVTW-E
176064124,0CC2R3-E
49886088,061830-E
145360708,06170S-E
49912141,07XJM0-E
49910587,066RK8-E
156376500,07XJM0-E
32406975,07PBQT-E
307288372,00BF31-E
49916194,07XGLV-E
19890682,000ZX3-E
21984886,05ZLN1-E
138853348,000NZB-E
53186184,062Z1R-E
55757452,07PYC8-E
56213449,07329Z-E
54026817,064W6F-E
54026817,064W6F-E
20413094,077TBJ-E
22999169,07R8R8-E
29804009,07QS1J-E
141621234,009HDS-E
49855183,089Q5M-E
51931112,089JTW-E
46753520,09GXC2-E
19884945,05PH57-E
50665451,0C34DX-E
153320511,06TX5H-E
52032874,083GST-E
52168289,06FTKG-E
144520431,071MF8-E
49918116,05PMDQ-E
274843254,06KN9Z-E
142807041,0BK4Q7-E
52261508,081Q0B-E
29080130,002L27-E
205951207,0DH230-E
49683732,0C6MMC-E
283778458,0G47G1-E
49287537,07TR9T-E
156336854,0C6MMC-E
30265015,066YWQ-E
49910804,07W9JB-E
139176935,0HL6HB-E
141928438,0CS3SY-E
49879058,07VJHV-E
46778017,06WDBY-E
153646309,0FSVL1-E
49208866,05VJ0P-E
27064543,061821-E
33150353,00226Z-E
49910741,071D9Q-E
49862236,07QTRK-E
142019731,07K6QB-E
140187557,07TMYN-E
35322632,000P08-E
62980227,07XNRB-E
47053691,06JKZP-E
49910574,07ZKWJ-E
53458117,05L394-E
52151167,07M7RD-E
280813097,07PCQF-E
47225318,07PD57-E
21194482,00768H-E
49866218,05VJ0P-E
140891029,07P9M5-E
49290541,05VJ0P-E
49862296,006RXK-E
287481760,07VJHV-E
56485684,0FT41R-E
145181532,083JKH-E
145758627,06W2C3-E
49852234,07TZSS-E
53763158,07XGWS-E
21126568,07XGWS-E
49890105,000P9Z-E
51864998,00266J-E
49910700,066QFT-E
156240706,002WWV-E
33426625,062RMM-E
49860038,002M2H-E
21994847,07V49F-E
49857655,064QTQ-E
33204997,064QTQ-E
52981476,06M52Z-E
46777935,07PC7R-E
22976268,0FZCS3-E
19003491,0BG7CL-E
31525595,05X1NN-E
19890013,07PDGJ-E
21628246,0729S3-E
29295941,070L1T-E
49876600,070L1T-E
279564857,09L873-E
49193778,0029S6-E
49727174,07VKDH-E
55405852,06NZDS-E
49872310,0C64H6-E
156341202,07PB3X-E
21792451,07PB3X-E
29312275,0GB4D8-E
52166503,07R77X-E
40592474,09XZ9B-E
33137655,07HW9X-E
49917362,07XKX1-E
49684844,07VL92-E
54826495,0D6W8V-E
57275256,088PGF-E
52154483,0CJVQW-E
24212594,07XJBS-E
56939120,0C6LMC-E
49870759,0727Y4-E
49857067,0B1C6L-E
19885509,07VBXP-E
49812026,0CM6PV-E
156191925,062HZQ-E
49680812,064R4X-E
49910652,07QCY0-E
57412945,064Y62-E
51872746,07PVMQ-E
142999304,0636KV-E
142999304,0636KV-E
49287837,0H4C0L-E
21687661,06NZGT-E
136028050,09SPGP-E
136028050,09SPQJ-E
21945011,07J8KK-E
49908511,0CSHRG-E
156246761,07XNH9-E
23655419,065B87-E
52174232,05VJ2P-E
142470070,003K7T-E
141718408,0G4P9Y-E
49003605,072F4H-E
36595835,06L5W6-E
25816521,064W3D-E
25816521,083GBV-E
143821959,00CLTT-E
142821374,0B167D-E
19892174,07ZJS6-E
48776313,07V1TN-E
42708191,09HJB5-E
49774164,0GLRV0-E
49917063,064PN0-E
49851125,085L52-E
49802507,071NCS-E
49862976,004G1T-E
49910648,07201Q-E
49910648,07201Q-E
139989121,0032FL-E
137605269,0032FL-E
141232112,077TBJ-E
19198300,00CHPJ-E
36729991,064QJL-E
49910607,09W2P4-E
145312189,061719-E
49901934,0C69FK-E
53682067,007SMM-E
33721478,080QG0-E
156256351,06WG93-E
49849937,07XL8R-E
49849937,07XL8R-E
33790902,072QT0-E
49869046,07M93H-E
137077161,0FK9C3-E
156312058,05PH6X-E
36321202,0FSSDQ-E
49909241,07XPFQ-E
46805471,064SXP-E
47711373,07VN7W-E
305747140,0DFLG8-E
49217150,000NYF-E
20572946,0B6B1N-E
56500552,0CRLXG-E
285460730,072FZ5-E
49802029,07M1MZ-E
49802029,07M1MZ-E
52127259,064RFY-E
33217406,0GHSR2-E
90595231,07W8SL-E
49910803,07TYS5-E
55062293,064VFQ-E
55062293,064VFQ-E
138511677,0CLP15-E
276081829,07XNJZ-E
37098819,06XPYC-E
53580212,06HDWJ-E
49003899,07XHW9-E
55245715,061875-E
52162836,0956V7-E
49890104,07VRN5-E
49761914,07XF5T-E
156280405,0688RP-E
141431405,07QC9Y-E
46743153,07R88Y-E
48780872,064QPX-E
156321555,07PD9D-E
139255544,05WM5L-E
49910667,0DDVXQ-E
156343312,05NJJ2-E
156343312,07ZJLK-E
33774918,07VH11-E
29236905,07XN8Y-E
156311032,07201Q-E
156311032,07201Q-E
53960279,070JZS-E
52128685,070JZS-E
63208220,003WNF-E
40574673,07XGGF-E
25876202,065RW4-E
49881075,072CZP-E
49855782,064RMM-E
135714468,07XHRR-E
32917769,065RW4-E
156343085,064VTT-E
49863479,07RJ8C-E
145255268,06186S-E
145255268,06186S-E
50099403,07XN8Y-E
52622204,07XCVC-E
49885883,0704YN-E
90973480,063Y5K-E
21698331,06MF6Q-E
30194250,05SKND-E
49528636,005NBF-E
156188530,06186S-E
276614207,0G0CRP-E
177008404,0CJZ2M-E
48003212,07R8XF-E
19889524,0DKMK6-E
62002622,0886RG-E
53148292,0C174R-E
28025017,0CSHPX-E
49957328,064H25-E
21091104,0GZ5W9-E
49807248,07XCW8-E
52141420,0C0VNN-E
57278831,06HJZZ-E
47395644,07R90X-E
49910676,0BRZ5F-E
52132815,0D7LK2-E
57685767,09GKVM-E
52151070,064QNM-E
52151070,080LWL-E
19892472,06TS8N-E
142848003,0DX22T-E
59201392,000P2H-E
52933490,05MX69-E
141912959,07TYLW-E
33272347,0F9FYB-E
142958734,08BLH0-E
62127248,07ZJKK-E
143326448,064QNM-E
26532710,06HC9F-E
49910611,05GPZ8-E
49910611,0FL9ZR-E
51388439,0GQCFW-E
145123915,0CSHPX-E
156284535,05PK6T-E
50100910,064PN0-E
49910702,07R8G4-E
139550236,0B1M60-E
52290857,080VMZ-E
56860482,080FV7-E
125953812,070JZS-E
23783454,07ZFW0-E
30830823,09YW4T-E
56124829,0CB84M-E
52131160,079GSM-E
156353868,06L2D7-E
312570636,072HLN-E
49872399,0C6LHY-E
19003522,07QC77-E
156358117,07VV53-E
23357363,06181W-E
156288626,06181W-E
55244922,07V0WZ-E
21701944,07V0WZ-E
62540559,066CC7-E
152150973,06B4M5-E
145750325,0GYNL8-E
19946672,07V396-E
23332808,07V58R-E
54955588,07PCSD-E
20179400,07N2YS-E
49908959,07N2YS-E
46777167,07XGLV-E
33221812,0B0HJR-E
49863749,07XLSX-E
55266723,064RYW-E
137127888,064QPY-E
49847295,072KMV-E
54262539,0DVTZY-E
145241085,06182X-E
320099683,0GS6MH-E
56494775,07PCQF-E
151404499,07PW33-E
142922807,0GW84X-E
30885246,09LKD5-E
169781980,06JQTB-E
52134265,066KS7-E
89689161,000VSV-E
50101522,064R6L-E
178356215,062XZS-E
52774648,07PCX6-E
49890112,07XF04-E
22320752,0C6P2R-E
52177521,0C823H-E
32844300,0C823H-E
49865555,07XDQ0-E
53880653,07VRS6-E
23770993,06TH3Z-E
23035199,08699Y-E
282356759,0GTGX3-E
35564850,07ZCXF-E
53110029,06HC9F-E
21882855,07XH6K-E
55968426,07XH6K-E
21309894,07Q645-E
57275703,07M9DW-E
29290094,07V49F-E
156352644,06Z40M-E
47933662,000NYN-E
47468349,07XDCS-E
57641183,07V6SS-E
19893460,060JT4-E
49876323,0FFVJW-E
52159424,0CS3SY-E
50100586,000P8M-E
47162477,083N34-E
62537658,06182B-E
52160972,064QPY-E
57792344,064QPY-E
56891052,06TH3Z-E
21623412,08HSFH-E
52896400,07XJTX-E
49862950,0C367G-E
52171946,07XJ1S-E
49849925,007ZYM-E
21091433,005M41-E
22239608,07RJ18-E
54199265,05PGYM-E
142848885,09V0Y2-E
49905087,07P9MW-E
63208562,07VPRP-E
29315454,05PJBC-E
49878227,07VNVL-E
151808734,0B2TP2-E
46747820,07CDYY-E
49635509,09M8LS-E
49910817,07ZK9G-E
34475521,0DBW8J-E
52136586,06K6KC-E
52136586,07J5ZD-E
49718328,0BYQZ7-E
56689890,070BKP-E
56689890,070BKP-E
49588424,00768H-E
55562223,060WC0-E
272263926,0FP3W3-E
156368176,064WNP-E
156368176,064WNP-E
19383752,0C6B4M-E
49871679,0GNH7R-E
53868644,009L0X-E
135104978,0CNYYG-E
49883846,07V090-E
153266834,067P90-E
52366743,0C6B4M-E
49921036,072F0Z-E
29184141,05LJFF-E
49876125,0BY252-E
33305192,001M1K-E
33305192,05N4NM-E
49910543,07ZJ3K-E
51115944,05LJNS-E
29966137,05LJNS-E
49869067,05L2LT-E
36430362,0HP8P1-E
52601790,06NZCM-E
156201789,005NKZ-E
49871375,0C69ZF-E
281469229,003LR8-E
49856195,0C332P-E
136493802,07PVM8-E
178337598,08069G-E
21920974,07P9Q3-E
49868458,05PL4Q-E
52420134,0B3009-E
19695606,0CSHQG-E
52133088,072GTV-E
139329299,0GZ5W9-E
58827754,07W4PP-E
145178352,079GSM-E
59005656,00768J-E
139655120,07ZL1F-E
57546934,07ZL1F-E
193782760,05TD89-E
140206041,07DHYR-E
37280858,09H70G-E
21066906,06KYT3-E
52383363,06KYT3-E
295674837,07VN7W-E
60493520,07QT1G-E
49805745,0FXWSC-E
46579105,05PGDQ-E
139674573,07PC30-E
29126372,06Y50L-E
46320140,061WZM-E
53202616,00179T-E
23847360,061822-E
303801538,00FBBZ-E
22953768,07XGNF-E
49851066,00GHJQ-E
55245138,007CDY-E
49850918,007TY8-E
57165735,005PBV-E
53019417,0BFSTT-E
27897501,0BFSTT-E
19210861,0C6G5T-E
33439926,06186S-E
33439926,06186S-E
139768006,064RFY-E
21984868,05ZLN1-E
149506900,0GM1HD-E
49875214,0016B6-E
34080308,07P9FG-E
49890046,05SKTJ-E
145159016,0CJVQW-E
49767873,07XJ5B-E
49717837,07DHFR-E
49882028,064VTM-E
49859692,07XH1M-E
46774908,07XL5Q-E
48766820,05PK8P-E
141924115,07RJ18-E
49918710,009QSL-E
21905178,0GVCG9-E
49910646,0CNYYG-E
47082374,0BSBSW-E
136165069,0CMX3K-E
49808229,0627JG-E
29411265,0FVCGQ-E
62515864,064TPP-E
52719636,000NZV-E
21905177,0FST0Y-E
139331418,0FST0Y-E
57283363,0HHTG0-E
140209304,07VC8M-E
49890116,073SQT-E
34579515,002FL9-E
58591475,07XCZ6-E
178364383,05PLX3-E
142336170,061R6Z-E
141362770,07PVZ0-E
18890919,07C4X3-E
27745752,07PVZ0-E
51023502,06WDBY-E
33934382,06YP9D-E
49340122,0D238Y-E
33732784,0C64FG-E
33732784,0C64FG-E
143007509,0CSCXL-E
55651961,05PHZF-E
63235453,0C5458-E
49461998,075K17-E
23597225,06ZHR1-E
286968325,06QJ5N-E
140465787,061897-E
49910570,061897-E
49910572,07VVHK-E
32755312,06L301-E
49910779,0CJVWV-E
52127781,06RHZF-E
54285240,06RHZF-E
153228207,0956V7-E
183675070,0DNSQ6-E
49580589,0FJYYY-E
288437208,00FJMM-E
156201396,065BLK-E
54736614,07XF5N-E
57283312,080N7Y-E
46766191,0FT4B8-E
32943734,0FCT12-E
32288961,09KDZY-E
46757691,07M7FB-E
19885690,06R190-E
49713588,005WCG-E
46781968,0DBW8J-E
49864099,061879-E
49848193,07XC93-E
49878326,07XM7G-E
151400589,0CYR5H-E
20121642,083ZQS-E
47471656,05PJBC-E
49694575,06V85P-E
55756464,0BPFG0-E
276027467,09W2P4-E
49877392,09XPHR-E
49865980,07VC8M-E
21700620,06HMV2-E
21700620,07RKVR-E
146394247,0C4HP1-E
290567961,0HB12Y-E
21533662,07XJ1S-E
49885139,07QC6D-E
138981473,06R0PN-E
49875277,07PD0L-E
178325153,05PHZ7-E
29287820,072GV1-E
55617568,05LHY7-E
57277330,004D7M-E
47162554,0C8QQW-E
49777542,0FM7DW-E
281469232,064VZB-E
51565536,06186S-E
176137024,07CDYY-E
39261547,000P2Y-E
35332400,088LX8-E
49812044,088LX8-E
52932238,083ZTJ-E
54283988,0BNH9D-E
20339269,0BNH9D-E
156235360,06186S-E
156235360,06186S-E
27869971,002FQ7-E
53473500,00848C-E
276577516,0DZ4YX-E
29549094,081Q0B-E
29394312,0CKHW7-E
51159178,064Y7J-E
47466247,07XG47-E
144800726,0DTL71-E
33028893,0GQCS0-E
49859560,05LJ2N-E
55245293,07VJLG-E
49682636,07QSQR-E
41386375,05PKJR-E
50828855,05WK0G-E
153099072,0FT4FZ-E
277410189,0FSQVP-E
58408200,05QX61-E
49800995,07L74C-E
59772273,065M3W-E
38458753,0C20LG-E
49890054,006BVZ-E
51718422,066008-E
156177919,07L74C-E
51113443,00768J-E
55244145,0FT0ZM-E
142803157,0GV8H2-E
63221876,064QQ8-E
326604913,0BXHHH-E
59021848,07BK8B-E
46815376,07ZJBH-E
52144736,00BQBZ-E
33498120,072GRM-E
52172067,072GRM-E
275295166,07XQW7-E
55487464,0657CD-E
144740034,07ZKN6-E
49804210,0DR26N-E
47220041,0DR8XK-E
49030235,07DDM8-E
49030235,07DDM8-E
33019703,0HGTC0-E
52125309,0BHJLB-E
24087021,07QS1J-E
60668814,07QSWV-E
49774166,087YPX-E
280071503,0CJVWV-E
282173009,07RM64-E
55090099,0DK1WY-E
49807388,0GC95S-E
145581654,0FR5K0-E
51601239,06QDVW-E
46580643,06185Z-E
57280411,07VK0T-E
49765000,072G32-E
47188240,000P88-E
145162078,0C6G5T-E
22962538,05LJ3Q-E
49858651,07PCFS-E
27447882,0019PR-E
62334016,007MQ4-E
53536239,000NYJ-E
49880985,07XDFX-E
140430517,07XDFX-E
29457266,06CXB2-E
53955401,07VSGP-E
29969930,080FSJ-E
49858885,07CWB0-E
63213041,0D3HJB-E
33229191,002XVJ-E
49925155,07VN1N-E
49847988,064VQ7-E
23230849,077LR0-E
26637348,071D7M-E
156335554,064VCC-E
49774554,07V0V1-E
49894522,07QD2G-E
49716135,0DLZ50-E
21628307,05PM58-E
21628307,05PM58-E
20167113,07VL9M-E
21620220,064RGM-E
276517527,0B1C6L-E
21627339,06188W-E
33332576,06Y5D2-E
52781305,07XLJ2-E
52158058,07XLJ2-E
49849588,003PF5-E
156307300,0FCS7H-E
138511639,066KS7-E
139242852,09HJB5-E
58841988,05GXPW-E
237369025,08HSFH-E
53678955,07VL9M-E
175394769,07QRPZ-E
91159163,06LXDC-E
51708811,075K17-E
57281494,06Q1Q9-E
59178396,07QSB1-E
139669805,07RC39-E
134786529,007MQ4-E
49875891,07VLCH-E
29262922,0GQCQC-E
136463698,0D0G2L-E
62026698,0657CD-E
52182208,07VLGV-E
156247730,0016YW-E
156221805,0018PV-E
46826488,0B64NJ-E
53284074,0DW32M-E
23929349,064VTM-E
48080708,07VH2D-E
39670696,064R5W-E
178899999,000NYC-E
54140816,0072RR-E
55266423,0636KV-E
55266423,0636KV-E
27602133,0636KV-E
27602133,0636KV-E
156325164,07PBR0-E
49856158,07XHNF-E
138942317,07P9FG-E
56626310,0FT19N-E
156242824,0B7R90-E
47742736,07QCY0-E
326451253,0DR9XJ-E
19892238,05LJR5-E
49872932,0BR12Z-E
24342781,07PCD6-E
316581721,06186S-E
316581721,06186S-E
27716566,07RFLV-E
50162308,064XYJ-E
49860746,000P1Q-E
56495139,05X1NN-E
49895793,07V1TN-E
35808027,083RWW-E
156374969,075PJ3-E
156325993,06186S-E
59920598,000NZ6-E
51514005,064WDN-E
62663099,07ZFW3-E
49805989,07K4FW-E
52136922,0085H2-E
52452239,0657CD-E
49867567,006JX6-E
51034940,0BZ2HN-E
49868505,07VSGJ-E
52167265,0C6M6Z-E
141499880,083ZQS-E
49851521,06ZW60-E
49868664,064TH5-E
49878709,09YWGT-E
19054183,07C6CD-E
156289672,0D0DDZ-E
19236788,0D6W5J-E
49864832,07XMYR-E
33192479,07XD7D-E
45336626,075WZ1-E
139545966,06NF0Y-E
47989465,07QCY0-E
49771467,064S1W-E
55241075,06RG4C-E
51159822,05PLLN-E
57429712,07V2Q7-E
57429712,07V2Q7-E
47198748,064VTM-E
47216535,07VQHP-E
52164723,000P9Y-E
55246756,06MJRZ-E
47079572,0BG3QK-E
55333326,0851N6-E
52141993,07XH0S-E
283778448,000VSV-E
53237292,07XH0S-E
49864070,07XHMF-E
60809112,0GZ5V5-E
156288822,0D30HL-E
30351515,060HSY-E
156264792,07XCN6-E
52153194,07QSWV-E
32960969,07QSWV-E
275018163,000P9Z-E
46036864,05PGDQ-E
46777510,0FF79L-E
49336568,08698H-E
52529391,07XLMW-E
34045903,05S9TS-E
140004647,065ZQV-E
20928517,0CSC5K-E
144060021,088BVK-E
302856245,09V9ZN-E
40735581,0GD0H6-E
52099879,07TZ20-E
21647268,0BGKYY-E
52163345,0957M8-E
30004374,07M7BD-E
49857439,07GD9F-E
56912027,062WG0-E
48084727,089K1R-E
26579762,0FZCS3-E
142806686,007ZYM-E
49801615,0DK176-E
34101877,002B0C-E
142849303,0DYMJG-E
49878595,064RHB-E
22679876,0FKHPZ-E
153479288,07V2BQ-E
56885494,06T8WP-E
135147049,06SDS7-E
156253385,003HYK-E
283778436,000VSV-E
38242103,05NJDM-E
57488233,0076SZ-E
46781564,06PC4X-E
47211161,06JHVM-E
153319473,0BHJLB-E
63221831,07XFXF-E
141277405,06L5WQ-E
34351578,09SKH1-E
52160616,09SKH1-E
30256867,006QKH-E
21624150,063735-E
55244292,0GGM8F-E
26592320,0GGM8F-E
51866070,00BTZD-E
52180588,005Z1F-E
140819327,0HDGPN-E
49679896,0D56Y2-E
55242409,061828-E
156322594,060HSY-E
49890119,05LJP9-E
57287251,06MKHD-E
19884084,0GHWJ7-E
138518156,085XHS-E
49800873,0FKLXN-E
20664942,0029S6-E
142853805,09WH0D-E
52135485,0FDQJG-E
156336961,05LHYP-E
156338215,060G78-E
275141797,00764T-E
63204681,064RDK-E
285467032,0H8F49-E
49800524,077R1B-E
62892128,05PMG8-E
142838953,003Q18-E
142838953,08BLH0-E
278608407,0C69FK-E
49802580,064R83-E
139293414,05W85K-E
33792580,07ZG1V-E
90134527,0CVL95-E
144845920,0DG80D-E
49811990,061874-E
52165411,07XN4X-E
156198372,05TD67-E
33418895,0749CP-E
143161943,07R90X-E
36882615,00BGJZ-E
293980298,0C78QG-E
55362010,0FYRFQ-E
144803733,0D6W5J-E
49869519,07297C-E
49771856,06185Q-E
38398410,072DX1-E
156321545,07PB7Q-E
58379517,0GSW8J-E
49848369,0070XN-E
303882478,07PCD6-E
45234220,082DS8-E
55247295,0FT4B8-E
22171116,083KQR-E
53319185,0FGF2Q-E
52945665,06HC9F-E
49777621,05LJDK-E
24538459,0C6PMH-E
250192657,0C7PLX-E
156201874,07W54D-E
19128241,072L5F-E
46807682,072CZP-E
24392944,0DR2JZ-E
21964586,07R8Y3-E
26396017,000P2H-E
23182994,0BXHHH-E
49287975,08699Y-E
20762052,0C4HP1-E
138600983,06L5YK-E
19412053,085BSR-E
49876851,064W34-E
29286311,064W34-E
46778111,0DMK00-E
284953144,07Y1H6-E
177390481,07PBR0-E
23748655,061829-E
144231356,0GZ9JB-E
55240839,0GHNJ6-E
137966205,0CJT5S-E
37575760,0GS9WK-E
52153207,07VLFZ-E
19892046,06188Z-E
140135748,07C6CD-E
49860831,07PCRM-E
49189031,06185H-E
51176711,07TZSS-E
58858431,0FPWL0-E
29827362,062VG5-E
33047603,003Q18-E
33047603,08BLH0-E
59416475,000VSV-E
35417077,0713RG-E
48097205,07XF6W-E
265938019,0FST5H-E
156215389,07VPG9-E
49877420,07QTGB-E
57274111,0CSHMX-E
57489288,07R79V-E
22973858,07R8B7-E
49880978,0CRLVN-E
49863042,07XGCV-E
35870204,0DJCQJ-E
52164409,0DJCQJ-E
63214490,05L2TN-E
38034808,05LJFK-E
47175257,07P5VR-E
142873997,06WG93-E
156230366,0GQCFW-E
49809206,0B1WS3-E
140367649,0B1WS3-E
61136911,0CLSRF-E
49872555,0887J8-E
142746029,07QFQJ-E
176103829,0FCJYS-E
34530157,0B1CBW-E
49875811,064N6D-E
62335013,061892-E
29139930,0CLSRF-E
156319402,061829-E
140700620,07VQHP-E
29876376,064QV6-E
55079582,070F83-E
57277879,06MMWQ-E
21626370,072GTV-E
57278057,000P0S-E
54590337,080KNN-E
156260884,07ZHM0-E
29142014,06NFHD-E
47804424,001SD5-E
263974391,0GMGQN-E
49854817,07QDJQ-E
279282483,0G7S78-E
29309264,06J532-E
49949848,083N34-E
49905136,064VT7-E
24225544,06D5JD-E
313219115,00D4T7-E
313219115,00D4T7-E
146709170,0BRZ6P-E
47221864,07XK9X-E
56366073,07XLMW-E
49813061,07XKTZ-E
52132808,0B1M60-E
304482400,0G4Z33-E
304482400,0GL4K1-E
304482400,0GL4N5-E
281469236,006JX6-E
57644795,065ZQV-E
35442604,0075B7-E
23114557,07125M-E
49880000,07PWFS-E
52130765,07XM9D-E
23091098,07QSXL-E
49879060,064S5Z-E
57280035,0GCB5H-E
142949283,0C013W-E
52160408,06ZNH7-E
156361292,07125M-E
49857297,07ZG4W-E
20588074,07ZG4W-E
49885544,0D2L46-E
156251933,06W462-E
32447135,00123G-E
142922932,0GTXKY-E
156310445,064N6D-E
156277726,05WM03-E
49802873,09WM7J-E
50429164,00848C-E
49215680,0C7PVX-E
38028949,000P51-E
38028949,05LHX6-E
139209187,06NQJK-E
278046260,077R1B-E
139772338,0C0VNN-E
57284332,08969R-E
156277324,07XFJQ-E
49684583,072V6W-E
173865819,06170J-E
29235598,008XX6-E
49877266,06838Z-E
33609952,0677QS-E
156276396,05LJ63-E
35473018,072DY7-E
35473018,0BB88Z-E
35226028,064VWM-E
138523784,071D7M-E
146818607,05PGXQ-E
179136367,07W9SC-E
21678426,060Y9P-E
49909840,0G69G9-E
30319010,07R8FY-E
49849978,07RKP2-E
49534875,006BVZ-E
281700503,07GD9F-E
149641785,0055J6-E
59328841,00B0S0-E
52820952,07XHJC-E
178476014,05GXPW-E
258641390,0FSTRQ-E
274934603,0704YN-E
137831587,07XHTZ-E
137831587,0B8KTV-E
156338853,0FDQJG-E
53746471,07ZTC5-E
49001237,0FSSGQ-E
52150188,0FR5K0-E
21626718,07XCR9-E
52153682,0B1WSW-E
156210591,0DK1WY-E
37217255,07ZNR6-E
156354019,0659H2-E
49850442,07QTD4-E
59940565,06DLL6-E
156183283,07W9XZ-E
49720069,05S9TS-E
59182447,083V6C-E
90552703,064TV4-E
49727533,065B9J-E
32424685,07X4NR-E
146816903,0FLVGT-E
53829909,064RD6-E
142840943,0C6JWZ-E
49910807,0723KC-E
156339221,002DF2-E
47083490,073R7D-E
63225209,0631KR-E
274962488,06ZW60-E
52953782,064QTW-E
21730614,064QTW-E
49535364,07XHJC-E
60790680,07TMSY-E
32084511,0D5WYR-E
48776070,064V3X-E
55246335,07TFH9-E
22011102,07TFH9-E
38397733,07TM77-E
52179986,07QC9Y-E
143120508,065ZYC-E
156376979,06SZVY-E
298468703,0GRMZ4-E
156195125,06V3WH-E
42467448,0FVDDC-E
56495740,0806VD-E
54537454,05LH0P-E
37401380,07QTJ6-E
47222316,07XN7D-E
49935198,07L5DW-E
63208504,064VPY-E
49912188,0B2D7V-E
49910692,072CZ9-E
112250395,07313Z-E
50921672,0BR12Z-E
144434071,0D91YS-E
49777958,07VK4V-E
143217898,0DD7W8-E
293244003,07P5PV-E
55240513,07VBRD-E
49851029,07XGJV-E
33879723,07516S-E
49811706,006KW7-E
38959978,0G8D3S-E
46780041,06QR7C-E
49851479,009S60-E
47184037,07PBHK-E
21999830,0C66N8-E
283778274,000VSV-E
32811750,07T83Y-E
140893081,0G2QVM-E
58400785,00F8BR-E
140271230,0HHXBQ-E
49629732,08698H-E
55242642,06181X-E
47037532,0BSBW7-E
47037532,0GZB20-E
56161054,0HP8P1-E
178700967,06RV5L-E
52167000,06NF0Y-E
136983992,07PCD6-E
33274003,0C1RJZ-E
145123914,0C64G9-E
139039506,00G02F-E
19006920,064XL4-E
285892568,07Z9WZ-E
19889982,00B730-E
49849776,0841L2-E
289227161,0FT3BX-E
143464325,07PD3S-E
142839456,064WDN-E
53737186,0DK1WY-E
145148839,0D207L-E
144147372,0FB6G1-E
56502352,07P9H1-E
46810371,06DVWN-E
46810371,07XF6X-E
274842221,06SYPP-E
146759462,06WG93-E
35209915,0FDQM1-E
35209915,0FDQM1-E
52826455,06VNC0-E
280294518,07VRN5-E
134319402,0DLXP0-E
58827404,0FVDDC-E
90063228,0715M3-E
49802893,07XMZ9-E
49870615,00B7TK-E
54332695,088JFZ-E
156281804,05PM0J-E
156260620,07VK4V-E
282233171,09L86H-E
156292275,005H0C-E
156292275,00433N-E
49907447,07TZKT-E
49868883,05L34R-E
50434131,061877-E
63234647,07PC6M-E
142805585,0DY8PB-E
57288770,06186S-E
38145263,05LH9P-E
174713691,0CQ6YZ-E
134674095,07P5VR-E
53073029,07PBB2-E
52157472,07PBB2-E
174439832,0FQYYH-E
178420123,06KQSG-E
141735327,05NJ6W-E
156269157,07PD7H-E
156355351,06CXB2-E
33865030,05PLYY-E
32433635,0GY64N-E
52139369,09LM8D-E
23051616,07PVQ9-E
39604402,07VRNV-E
175108723,007WF8-E
156375408,07RLDZ-E
54920561,009QSL-E
156286803,07VLWM-E
56169776,0C6R02-E
156225196,07XJKZ-E
179211638,05T35D-E
56601536,07RLS1-E
49811147,09L9WT-E
63205033,070BBQ-E
51028193,07VL5K-E
63235077,080NPZ-E
146399048,07L0VY-E
49260902,07QCDF-E
29993174,09JX9T-E
52176883,002SK3-E
21716613,0GCHJR-E
21173829,072TV0-E
23461428,061711-E
39673655,06081R-E
46578819,07V50W-E
62429304,07ZL0Q-E
49809009,07V423-E
58474250,05LJDN-E
21158951,0727JW-E
135106846,061711-E
137477168,000P2H-E
156085949,07PC22-E
29341172,07XFJX-E
55118196,071LPB-E
142425331,07ZGSP-E
139918133,064TG6-E
289928982,09YWGT-E
20038210,06600F-E
53968783,06600F-E
46780914,072CZP-E
57276535,07QRG4-E
32125696,05LH20-E
62979461,07R8GD-E
52172412,07XCNZ-E
205009755,0D8480-E
38144646,065M3W-E
281707111,0GLF6P-E
276138652,0DK176-E
55240281,0CRVZG-E
23787830,07R88Y-E
61385520,0FKF5K-E
63215180,05LJLB-E
63215180,0DQW2T-E
22324051,0CCYJK-E
46777762,07JLP6-E
29344059,06H777-E
49769159,07QCD8-E
49934442,0FPMLQ-E
49683826,07XKZP-E
142815772,09TY83-E
32137574,07P82H-E
49910758,06NKHV-E
279217540,07297C-E
203352640,0G9WKD-E
58523333,07XHGJ-E
139659268,083JLM-E
49868602,0BVHMF-E
136644394,07R872-E
156239340,07XLXM-E
156364699,08XMJ5-E
141251985,061877-E
56029396,002FQ7-E
34944121,0B3TNN-E
156361416,07XLTN-E
49853611,06VLSX-E
49846032,06ZBCT-E
318508519,064WP7-E
49277591,06ZRKN-E
318590358,07XJB1-E
133569342,06JQTB-E
137832312,0D6S5X-E
29763258,09TZYS-E
24857175,00DN4R-E
52174304,06MKHD-E
55247052,07XCGV-E
49761679,0738RN-E
273950140,0G02PC-E
49849894,07XXMP-E
49630188,0DR2JZ-E
156350068,061B5Z-E
267244636,0D209K-E
33861938,0G11HN-E
288330867,0FMZQ2-E
298602808,06JL10-E
49848958,07XQQ1-E
30060291,0BM8G7-E
156218565,07PBR0-E
52177078,07XG43-E
49859707,07XDBT-E
36866816,06KQ3S-E
91109145,064X0V-E
156295799,067067-E
52137803,07PW2Z-E
33285447,07PW2Z-E
295138496,0FQRVQ-E
55062255,07XNM1-E
46599014,06Z875-E
156291290,05PKVX-E
137127282,0GQCQ4-E
49905056,073C58-E
19210130,0CR4XP-E
49874806,07PBQY-E
39480482,07XDJ1-E
46284511,07H311-E
29310849,001D35-E
290622206,07PDXX-E
57281169,0BG905-E
156302464,0614WV-E
38761752,05ZP4V-E
156185439,0FPMLQ-E
140150129,073SQT-E
61442541,0CW835-E
276668079,0B6B1N-E
156244024,0722KT-E
178828611,07T6VQ-E
52119306,0DDGKQ-E
27845181,07XKR5-E
49684760,07XGHP-E
156344092,07XG48-E
138519395,07VN1N-E
49773439,0015FQ-E
49777754,0FP3W3-E
273358310,0614WV-E
52147646,07XGCF-E
39114829,06KGXM-E
35323229,07XJ1R-E
156354530,05LH1V-E
36590489,002RVT-E
49277515,07RHCC-E
63215108,0DVZ2M-E
52127453,07XHMN-E
29177198,07XHMN-E
156269781,0064QC-E
156362041,05LH1V-E
19886267,0CF2S7-E
47213986,0BG8Q8-E
23258471,07TZM8-E
23258471,07TZM8-E
49848126,083JLM-E
52936788,070KXP-E
49209664,05QX61-E
142246197,0C6P2R-E
57287619,0FBZDQ-E
49847698,05V14R-E
47920045,09VTFY-E
49862263,061R6Z-E
52542294,007J5R-E
49807645,07TK97-E
156246437,07CP29-E
41197937,0809JD-E
178414113,0H95T3-E
273986892,0GMH42-E
55638895,07XGVK-E
48780195,0DZ0FF-E
49811966,07XJGX-E
57279305,064QKS-E
55171505,0BSTCN-E
27746806,0D7P9S-E
53004844,0D7P9S-E
41694816,0BY0YJ-E
41694816,0BY0YJ-E
49910765,07QDDT-E
49768907,07V0XZ-E
49768580,06JB8H-E
57275086,07XCZT-E
36327837,06G577-E
49868635,00CH1N-E
55245863,07PBJB-E
48091306,0F9FYB-E
49890022,08BLH0-E
49867495,06VSD5-E
54643581,0657CD-E
156235760,07R8G7-E
156235760,07R8G7-E
156245115,07XDBT-E
156327512,07XJ2B-E
156327512,07XJ2B-E
156322174,06SDS7-E
39497056,07QRZB-E
49769635,064WYH-E
178824395,06JHVM-E
49864145,07KP8R-E
141502948,0C6JVC-E
55242906,06NQYK-E
49774945,008TZ7-E
33450755,07Y6BQ-E
156249926,063YLX-E
21624243,064W02-E
21627959,064Y9C-E
179571899,0C6DZ1-E
27863372,075ZBS-E
156349535,075ZBS-E
49807180,07QC2X-E
49910756,07QSDK-E
49890114,07XDR2-E
148515916,07XDR2-E
59243414,0BSBW7-E
60397029,07PVMN-E
147243699,05W86W-E
60562444,07XGCF-E
48092363,000P0S-E
58680106,07JKR7-E
27745581,06P5FX-E
63183726,06P5FX-E
49910655,000P9R-E
147905522,07FW0P-E
29924970,0FC4XX-E
49768813,0FSV3M-E
49216997,0GSW8J-E
56497320,06TMGG-E
62507774,064TRM-E
283346915,06JWZG-E
283346915,06JWZG-E
50130283,089Q5M-E
57288444,0D2M1S-E
46776183,003JZG-E
47588494,0DY8YT-E
156201718,000NY8-E
156201718,000NY9-E
178599496,0014N3-E
278152692,06JHVM-E
63210418,0DPDQV-E
49890051,067067-E
55710317,004LHM-E
146750989,07CWB0-E
49875416,06VMRN-E
137274828,07XM07-E
156230780,07TYS5-E
156323034,07ZHPP-E
63217036,06186S-E
63217036,06186S-E
51162011,07R74K-E
51162011,07R74K-E
156244193,0D6BXQ-E
60071645,07XG3X-E
22958506,07XG3X-E
34025572,07VP57-E
55242435,0D737C-E
56501285,07XGGF-E
282146336,06VLSX-E
41066682,07QT91-E
49804114,0034NW-E
57284071,07XGTJ-E
31134041,07XGTJ-E
299971689,09M1V3-E
20239765,002VMQ-E
63203804,07V2PF-E
156325157,06VMRN-E
49760838,0CN2QZ-E
39380990,07PVFH-E
49762759,0G5MDC-E
46843608,064PMB-E
36225567,0076Z5-E
48385393,06M5JP-E
90283399,06M5JP-E
39770251,09GWKM-E
23714900,083MTH-E
178671564,080FV7-E
154048288,086TSK-E
22949091,086TSK-E
49003678,05PGZV-E
23356026,064WDY-E
46841099,07QRX7-E
148334476,0B1WSW-E
156299659,0GP1QR-E
146889240,09T5X4-E
55244077,07TYSP-E
49770394,07Q7H5-E
52165848,07XCN6-E
156372092,0DRTM6-E
139655092,07XN4X-E
47202097,07ZKLW-E
172891911,0CRRH9-E
26751505,06M52Z-E
263955062,0B3D8F-E
57026569,07VS99-E
50945802,07XFV1-E
173783638,061864-E
138013449,0FG6JQ-E
39694561,07W8VM-E
153124323,0GYJVN-E
62636333,07VV7V-E
59170097,07QDLN-E
33445790,008VWW-E
20658602,07WB2G-E
48999918,064VTT-E
39847552,07XKH6-E
21626391,07PVDQ-E
53819256,00C013-E
156349133,05PGZV-E
49774493,06GF3D-E
30450824,05PM58-E
30450824,05PM58-E
49681454,06RCY3-E
33385596,0C9VF2-E
53336326,07RGLT-E
146618619,0956V7-E
49916058,07PBKR-E
55362952,067P8R-E
61059784,06HJZZ-E
49681679,05PJF7-E
22011850,064VCC-E
46810173,0FDQM1-E
46810173,0FDQM1-E
282519286,0FB7XZ-E
24210855,0FY4H2-E
49860818,07XCJX-E
40983559,07V3KK-E
21755682,05L34R-E
156197529,07TYLW-E
63221916,079T9C-E
327297543,07QBT8-E
156186885,06QXQY-E
156186885,0GM4WH-E
156303213,06170Z-E
142571773,0C8B9V-E
54260445,07QTFR-E
156250005,07XPL2-E
52165963,07ZGVF-E
45978625,07VSNT-E
56938278,070KXP-E
156295169,0C6MH4-E
36315989,075ZBV-E
134681020,07XGVK-E
275788129,07TYS5-E
52149630,06TX5H-E
49260684,06VZJ7-E
293605158,0D34H6-E
49801415,07VP50-E
148327477,009HMD-E
279216883,009S60-E
58580759,0H9DHP-E
302944925,075Z37-E
275069368,05PMDQ-E
140403608,06ZNH7-E
57278128,07P9LL-E
63226299,07QTJV-E
19845723,089M3P-E
21996006,07Q87Z-E
49776977,0FCTGJ-E
21627147,07SH3Z-E
49803455,061710-E
156210079,07TZZQ-E
49683977,07XHTZ-E
49683977,0B8KTV-E
63207910,06FTRZ-E
156259652,07QC2X-E
40478542,07ZL0M-E
34601157,064QNM-E
34601157,080LWL-E
51261002,00BK7N-E
156329213,080PVW-E
49876010,05YNZQ-E
61116656,07DK0X-E
52138795,07VS8J-E
63210998,0D7KMB-E
35056555,080MZH-E
178993741,061877-E
52149931,07XHRS-E
135388691,05LHCQ-E
20197108,0FKJJK-E
38454109,05PH7X-E
175228291,06534J-E
23462449,0BSBW7-E
23462449,0GZB20-E
54342909,07XM60-E
137004695,0FJJZX-E
287704153,0CCNKY-E
41119953,07CGWF-E
156246940,0013XY-E
60759898,0FPMLQ-E
139271221,061YVG-E
139271221,061YVG-E
61050418,05LJF7-E
20043826,083M40-E
142466895,0B06M6-E
156255887,0FT4KW-E
46807025,075K21-E
33452482,0C6J0F-E
283661501,0FSSGQ-E
50921680,07PBZG-E
44419347,083BZ9-E
49761200,083BZ9-E
63207219,0CPBKD-E
29688247,06SJYG-E
179060365,003054-E
57281742,07V00R-E
49801851,07P9N8-E
285520967,0C5S8B-E
49846513,07D1MS-E
56726470,07RGK7-E
156275646,002301-E
52335052,0GH7HV-E
54006456,07XHS5-E
268858504,07WYXG-E
57280953,07XFCM-E
177452285,0GLBB1-E
156328152,065BF5-E
21626800,0896BY-E
52249858,07QSZP-E
135409907,06JL10-E
34100845,07W40P-E
156290688,07V6RS-E
40648697,0GDF40-E
45994547,07D95F-E
283713668,07VNZC-E
39169457,05LJ5F-E
38799375,06BKM5-E
33177261,07QBG0-E
156289118,05YNZQ-E
55564250,0657CD-E
146577185,003MGG-E
21643384,07V2QN-E
179096435,00834D-E
125968763,06RNXF-E
47219347,07PP5W-E
49808836,07XL75-E
61417759,06V0H3-E
63234506,0633HR-E
21706624,0GHNJ6-E
312765690,0DX4WM-E
178306039,05PJ7K-E
33250007,064Y5C-E
156284851,064PJF-E
146900366,0B59K0-E
19884833,07PV9V-E
38333657,07T7FT-E
290513065,072CZ9-E
156284777,07PBM5-E
63234744,064RMM-E
275729710,09L9WT-E
198919513,0D5JH6-E
198919513,0D5JH8-E
30358842,009QJS-E
21969779,00BY40-E
137840418,0FJXKX-E
143800421,009QJS-E
156284514,05VYDB-E
288844722,0FSV3M-E
21985684,07XNNF-E
41073920,0DX5FK-E
57650694,0D3D1F-E
36487329,072DY7-E
36487329,0BB88Z-E
56887353,06VV7Z-E
156260213,07VS8J-E
280293787,07QTD4-E
61052098,07QN9V-E
29416923,07QCMZ-E
53126020,0727XT-E
49943553,06NDZ4-E
156312096,07Y36W-E
52130857,06MMWQ-E
295661151,06772H-E
63211934,07ZJR5-E
287653274,07XKTZ-E
178660416,05LJ6M-E
277978951,07V0XZ-E
23263720,0FK4M4-E
285551431,07V2Q7-E
285551431,07V2Q7-E
35144215,0DRFJ0-E
179236301,05LHYD-E
178342819,0729CR-E
156185432,0FLK8C-E
308024118,07V3WZ-E
308024118,07V3WZ-E
55246454,07QSL5-E
40199931,06VKV3-E
138623416,06ZLNS-E
141226791,05PJBC-E
53976045,06JL79-E
277509294,07XXMP-E
35857305,0BTV4N-E
156237136,078ZHG-E
52142458,0CF2Q0-E
35486829,0CF2Q0-E
46799263,072F4H-E
42139356,064WGY-E
61436753,06VLYP-E
286043808,07XD6F-E
299024013,0C9VF2-E
49767151,07QDP1-E
315934320,0CNYYG-E
173169579,0CSCXL-E
49000768,0860P4-E
49000768,0860P4-E
49270620,06VZJ7-E
51191936,089WKJ-E
146454062,089WKJ-E
179541915,0D6W8V-E
46965080,085G63-E
21883012,07331R-E
55245890,06HMV2-E
55245890,07RKVR-E
298668429,07R8G4-E
289745189,0FN763-E
57645367,079YT7-E
142848178,0CLP15-E
55242365,094RLM-E
49910746,07ZJL3-E
178951020,064R24-E
49852015,0BRLPN-E
156321000,07PC6M-E
39855704,0806VD-E
49002379,0D5TPQ-E
21620852,07R72W-E
147391723,0B55ZT-E
179296014,07BFHM-E
138936575,07XL8R-E
138936575,07XL8R-E
156285487,0B64NJ-E
49762743,0822DP-E
27496106,07QC6D-E
156282724,07GMJY-E
36770860,0DW5CC-E
24310555,07XN77-E
178387092,05LHMG-E
179187809,06LXDC-E
141621245,07RLTB-E
41431922,07XDS3-E
134572174,0FGYJX-E
33962626,07RLL7-E
26008141,0GQCS0-E
156273810,07D1MS-E
62686136,07PW82-E
47053850,003J2Z-E
36273282,05ZDTC-E
36908752,067F3D-E
57679850,07ZFYH-E
268797359,07XGD8-E
24014826,06RNXF-E
156263784,06KQC0-E
19605834,07M45T-E
62628265,064PJF-E
31658732,06185T-E
60701053,0DX5FK-E
57284632,001XQ1-E
57284632,001XQ1-E
54577767,0BBV5G-E
52884794,07R76S-E
63218920,075Z45-E
156045282,0G1XS2-E
49761221,0B0Z6Z-E
156315727,07XGH6-E
156272116,06P9LW-E
176812395,0076SZ-E
49810174,07V2JH-E
292223604,0C596T-E
156323211,060YR9-E
156284029,0GRZT5-E
156329190,07QSDK-E
142979607,0FY7HY-E
50002719,07XLDF-E
306999997,0GY726-E
19886698,0C33NQ-E
57486484,0D247K-E
156312029,07QDQT-E
156376589,07XLL7-E
156345774,076SDF-E
141373043,071GYX-E
146870633,0DKMFX-E
57274397,05LHY4-E
156274312,007C8Q-E
49804157,07PVKJ-E
199629063,061825-E
19214896,064XJ7-E
144315482,002SK3-E
292650773,0FV9ZX-E
49767371,065BFN-E
203656817,076C1P-E
146832866,0DQFRR-E
46832593,06T003-E
52156757,0DXHL6-E
46780802,0D4KWT-E
57282898,07QD6J-E
278765631,07PWFS-E
140119330,07ZJBH-E
36678860,07VS8W-E
57281709,0657CD-E
57660656,07DMRJ-E
19217359,07DMRJ-E
176990188,0DGQ7H-E
57285927,0GK050-E
38130336,0019H1-E
274866429,06NKHV-E
39126126,0C6JV7-E
178494421,000P1Q-E
23401209,06Q2KW-E
58369718,07CPM4-E
23463278,06QT0T-E
23463278,06QT0T-E
23463278,06QT0T-E
24328540,0B8CZP-E
313469096,075K23-E
310439005,06170N-E
51821211,07DMRJ-E
29237271,0DR2F1-E
27836098,0GK050-E
49769954,061834-E
48999393,07NFNK-E
319822846,0D5TPQ-E
30138966,00856T-E
275653258,07P9MW-E
49846233,09VFGS-E
156187027,07PBH0-E
201467482,0CNZ98-E
21884770,0G76X2-E
21363310,07TH1T-E
19888113,0B1PWW-E
62809564,064VGW-E
156365349,0675WV-E
48775002,0C83NV-E
280495189,003CSW-E
41512714,0DXK2J-E
57046398,0657CD-E
156217244,07TZZG-E
27833026,07XL8R-E
27833026,07XL8R-E
156310802,06170G-E
21744287,07XNM1-E
55320989,083XC8-E
57686566,0F0L8Y-E
22000401,0B1JX5-E
22000401,0B1JX5-E
156330439,07FSP8-E
174097183,09ZNGP-E
174097183,09ZNGP-E
19890766,05L3DM-E
19890766,05L3DM-E
63212893,07RLNC-E
40098786,07QBNX-E
48147107,0B2C9F-E
35980449,0BKCD4-E
19919057,0FB6G1-E
49683007,05PGX3-E
46807517,0FKV7S-E
280230233,0HCBNP-E
290499500,07VSGJ-E
146757701,080ST1-E
21138127,07THJC-E
47024999,07LK4J-E
61005985,0D2369-E
310723818,07PCGZ-E
52154296,064X18-E
52154296,064X18-E
156092333,0FKHCT-E
21623283,0FGGYB-E
63225922,07XFK7-E
297135786,06TJ0K-E
49766417,06JHVM-E
138258467,07D1R3-E
156375812,0GS4Q8-E
156194226,07TMHC-E
153642873,005Z1F-E
136602874,07Q9Z2-E
319099688,00CSS0-E
54033632,06927C-E
39759429,07XMM5-E
146575263,00421B-E
21911152,07XJBP-E
49681486,07XHS7-E
142953182,09WGSF-E
49910665,07ZF1L-E
58403420,07RF1V-E
57270893,07XJBP-E
40850206,07DKF2-E
53391534,05PGLV-E
53391534,05PGM9-E
60967213,07XCNZ-E
54212552,07VTBC-E
57284481,07QB04-E
260642583,07XN1N-E
49865992,07VM0G-E
156186732,000PBM-E
140781155,07XCH7-E
59385174,07XMKN-E
63202302,0GQCD1-E
156327079,07PW4D-E
22957368,07PW4D-E
54435252,05L320-E
156271641,0G770W-E
144412829,06G8QR-E
56584776,0GLBB1-E
19886944,0H25QM-E
156332293,07ZJZL-E
263100101,083LRF-E
52319730,07Q855-E
281761565,07Q7H5-E
19140408,07WB25-E
41695426,0GQ3BJ-E
21751569,003HYG-E
38651680,008VZW-E
305596017,0DJ96L-E
49003817,07QRSH-E
52980089,067CP5-E
156359947,05PGX3-E
146392133,064HRS-E
146392133,064HRS-E
29730317,0GWLS5-E
19178861,07XN2T-E
139053147,060PB7-E
139053147,060PB7-E
63206364,07NLCS-E
320147449,00GBNK-E
277579978,072F0Z-E
20378470,064X1L-E
49773320,06186D-E
27085378,07PW9F-E
137952314,0FK1B0-E
57288096,0FT60X-E
275983740,0C332P-E
156222463,07TTK8-E
27537240,005R5J-E
27537240,0FJ4KP-E
49873182,0726YW-E
29103318,00CJ7V-E
156258515,06D1RH-E
276926274,06838Z-E
34820493,06W2F8-E
156343746,07PBKR-E
285606923,07VSB9-E
49264476,064QPY-E
57284680,07XJZ4-E
156373783,002V31-E
156243010,07XFW3-E
288650514,009VXK-E
36911688,06LVTT-E
144455253,00FCNW-E
178475914,064HWN-E
33159460,0FSHWH-E
62953450,07ZL9D-E
156183519,001CD7-E
324233263,066F69-E
37639989,07DB9M-E
21626124,07RLSS-E
89959952,07PDWW-E
52180994,0B3D8F-E
54465844,07ZGBM-E
33016258,07QRRY-E
63234987,006VG4-E
178687759,07VT8W-E
299094353,09ZPSG-E
133572773,07PDQP-E
133572773,080JFC-E
299249048,0C6DXM-E
60361849,0098RC-E
146746331,0DXQW2-E
323947509,0GZB11-E
53910211,07V1WL-E
156217377,06JQTB-E
134774625,080Q2W-E
134774625,080Q2W-E
47445907,0806VD-E
56242822,07XJ0Z-E
146593548,06BKM5-E
58474897,07QDP1-E
323778832,07PB66-E
268832822,07XD2D-E
133706106,07DGFP-E
156179241,07Y9V0-E
21938463,07Y9V0-E
276996878,009XJF-E
178800004,061711-E
156234914,000NY8-E
156234914,000NY9-E
250441884,07VR40-E
55246420,0725D2-E
138209828,000NZB-E
178462485,070XV8-E
139317007,0G3K0N-E
21629336,00BC0N-E
156240118,07XP1P-E
49890140,0FJJ4T-E
57287729,072GRM-E
49804088,07XLJR-E
156325924,0H0V37-E
146575893,0DZMWV-E
312999598,07CQD1-E
146716366,0FKQWN-E
40662263,07RKXY-E
58161006,05LH2L-E
55243655,0FTS28-E
55243655,0FTS28-E
56888953,07FMZL-E
30402604,061875-E
32955403,004BNL-E
59763546,0D9VFD-E
141235168,07XHPM-E
195929249,000VSV-E
46878345,002RVT-E
58824405,071M4L-E
46970731,07D4BP-E
46970731,07D4BP-E
290030100,07XCJX-E
63099556,07TDK0-E
319240256,0D7MZ9-E
156345927,002ZQX-E
321809311,0FLVS5-E
21628213,07XD0S-E
49765276,0D2387-E
55840666,07PBRQ-E
46810132,0BD9GG-E
288546889,07XL75-E
20391769,0C66N8-E
35487523,0GJ2CF-E
39149303,07XLYP-E
55643091,07QB0S-E
308538129,0FCS7H-E
19887278,0CSTJ5-E
49769216,05PHNC-E
51024398,000NYF-E
25938082,0737K8-E
56884613,07V06W-E
33939550,07R7WC-E
156344225,05NJ5Y-E
61182727,067067-E
141420262,0CM5M7-E
34888294,0BRMLQ-E
61425549,0BC078-E
283778262,000VSV-E
137783300,07TS4D-E
48086298,08765Q-E
60184189,07QDH5-E
54190435,07DM6Q-E
286759058,077TBJ-E
39389762,06NKLN-E
55793925,0B0YN2-E
138015950,0CHWCZ-E
275250753,0G3H5R-E
136147969,06THMM-E
21623061,06JWX2-E
31582922,06TV8X-E
156224510,064WD8-E
205065542,06ZWKW-E
156226210,09MG3Y-E
284219909,008TZ7-E
293082277,07NFNK-E
282317383,073043-E
63209809,07V5GG-E
142929617,07RLX6-E
53579393,07XKSD-E
46780080,072K7X-E
63217316,064Y4P-E
146751037,05LJ30-E
178957049,064X4T-E
62622307,0809QR-E
23238306,06170J-E
52050693,0FGG0T-E
52050693,0FGG0T-E
49765281,072HQ3-E
34056416,006XR9-E
258938003,0D4KWT-E
19892321,064XZ8-E
52160133,07VCGW-E
52183186,0FVCXS-E
49775796,07XJKF-E
55572673,060Q8B-E
153464947,07R8B7-E
63234065,0FG6JQ-E
156353571,07RLPQ-E
175382259,07ZG0N-E
279329085,0657CD-E
156344732,06JL07-E
23023130,06JL07-E
179056410,07QTHG-E
44562665,07079B-E
135696856,089JTW-E
156186486,0BHLBS-E
90989489,0HHDB3-E
29794709,0709Q1-E
49683230,07WH3R-E
46810436,075K3G-E
21066813,05PLXM-E
21328955,07QCJK-E
55246234,0B0VKM-E
21835097,05PJF4-E
56570654,07PCQV-E
156343876,064PNL-E
33696412,07XD8B-E
55358997,0738MS-E
32864695,09LNV5-E
55247241,07256D-E
156259609,07TQ6P-E
21626577,07PW33-E
139171707,0D3D06-E
57283842,06HJZZ-E
52180070,064QJ7-E
156244630,05PH43-E
90788774,06Q2KW-E
55020173,0FN253-E
61162986,05LJJ3-E
39129146,07XD0J-E
156363818,077FN0-E
90782963,07R8GD-E
58133468,07XJSM-E
52182204,001ZYR-E
41787070,07XGGR-E
135766497,003J2Z-E
61184618,0B3TNN-E
178566776,0DW5LS-E
57285535,0883BJ-E
275295748,067067-E
51501349,07PVKK-E
46941643,0C69FK-E
156221984,07VBWB-E
156352353,05PKML-E
133724920,0D84C9-E
133724920,0D8H5J-E
156196635,06KMXD-E
29379032,07R75X-E
19891556,07ZC8D-E
156275364,07TFRS-E
49765201,07ZL9L-E
34206155,05W83K-E
33159794,0CSHS6-E
156235729,064QRN-E
49770454,07KZ7Y-E
55245533,07XJ4Y-E
63203904,07PW09-E
59790184,088880-E
52173205,007WF8-E
21626975,07PB6F-E
139710277,06170W-E
57277710,07ZL8N-E
54533830,0DJ571-E
138225758,0748KX-E
138225758,0748KX-E
49850938,060PXY-E
156202806,07PVSH-E
19892504,07VVKF-E
63199397,07XK0Y-E
55245589,07XJ2L-E
55245251,064WHN-E
49273048,0DR8XK-E
41510864,07M0JZ-E
55891576,06NKHV-E
49210192,05QX61-E
53733759,0701C6-E
32229289,080GY7-E
63212771,0DJ6BG-E
178833665,05JWRL-E
156253754,07W9KK-E
323294366,07YGNG-E
237358974,064Y4T-E
61210577,0CJZ0K-E
61210577,0CJZ0K-E
33709604,07DDZW-E
275851366,085QTQ-E
52629990,0C6K02-E
52741858,0FNCS6-E
19893406,0CJVTN-E
156351832,0DJ6DX-E
148258670,080MR1-E
139249051,0FNG4G-E
136172110,07R74S-E
63208979,06SD4B-E
50552613,06SYK6-E
139298732,07735D-E
58836333,00123G-E
156353843,064QJ4-E
50552337,0DX1ZW-E
49955256,0632HQ-E
156228080,064RPP-E
49262833,06HMV2-E
49262833,07RKVR-E
57454173,07QTGG-E
49336207,0BG8Q8-E
146875243,07D3RP-E
46806467,000NZV-E
139298002,0DJBKN-E
56821495,07V9NY-E
156352718,06JV8L-E
22038287,07XLZR-E
51531166,0GZB47-E
177101372,06ZPWZ-E
58979869,0DDPQC-E
146639657,06XCDQ-E
156218098,07TGTR-E
156201977,064WFN-E
156201977,06Y3KT-E
61181223,00GHJQ-E
139257440,0DW60V-E
156241209,07XGHP-E
57484670,0019PR-E
63224759,07M9JF-E
56660452,0885G2-E
63205522,05PJL9-E
197582972,07XCSS-E
30381815,06JB8H-E
178544266,062VG5-E
156273709,0C6JX8-E
137741084,00DF8G-E
23003878,064QSV-E
139123099,07XDP3-E
61100049,009HZD-E
138756765,07XN4H-E
138971154,06P8CJ-E
61047388,07ZFBP-E
139369926,07VN1N-E
144176560,09M8LS-E
61334406,07PCF8-E
61045440,0CLSRF-E
38912053,071GLL-E
139305807,0FWD2L-E
63226784,07XCJ7-E
291635606,05RR8V-E
156297093,07XKQ1-E
58978358,07DNF7-E
57275869,07XNVB-E
60735134,07XDBT-E
24235411,06SGHV-E
46599723,05LJFK-E
61087026,060GGY-E
148297588,07NQDX-E
45638556,087M31-E
156378166,0G0M5W-E
22991648,07XFDM-E
138687792,009LJZ-E
61196239,000P51-E
63207398,07XJB6-E
139226920,0DW60V-E
46902921,0D4KWT-E
61178485,06H777-E
138695569,05LH6F-E
60664339,07VTBC-E
58601515,089JTW-E
58558120,07XCR9-E
156377911,000NY8-E
156377911,000NY9-E
279398566,0BZ64V-E
156319866,070K4C-E
156319650,0B1C7N-E
55625764,089K1R-E
63216706,07XF3W-E
46903690,07V4L8-E
20252280,05LJ4T-E
61061024,0CS38B-E
63219096,085GV8-E
138704304,07R92J-E
61258014,07QS9S-E
61179474,0F9FYB-E
59521357,00123G-E
138584890,0BRSDL-E
63205171,07W5QX-E
139339461,0GTP5P-E
156232083,061867-E
138687573,0G7XZT-E
23207739,064RMM-E
61310663,07BGGW-E
156203051,0614WV-E
281628211,00GP99-E
49276024,0DR8XK-E
58973983,07QDPQ-E
